IMDb ID,Title,Runtime (mins),Year,Genres,Release Date,IMDb Rating,Metascore,Rating,Box Office
tt1872181,The Amazing Spider-Man 2,142,2014,"Action, Adventure, Sci-Fi",4/10/2014,6.6,53,PG-13,183277573
tt1323594,Despicable Me,95,2010,"Animation, Comedy, Family, Fantasy",6/20/2010,7.7,72,PG,251476985
tt1375670,Grown Ups,102,2010,Comedy,6/24/2010,6.0,30,PG-13,162001186
tt0892769,How to Train Your Dragon,98,2010,"Animation, Action, Adventure, Family, Fantasy",3/18/2010,8.1,74,PG,216900000
tt1375666,Inception,148,2010,"Action, Adventure, Sci-Fi, Thriller",7/8/2010,8.8,74,PG-13,292568851
tt1228705,Iron Man 2,124,2010,"Action, Adventure, Sci-Fi",4/26/2010,7.0,57,PG-13,312057433
tt1250777,Kick-Ass,117,2010,"Action, Comedy",3/12/2010,7.6,66,R,20000000
tt1245526,RED,111,2010,"Action, Comedy, Crime, Thriller",9/29/2010,7.1,60,PG-13,88900000
tt1130884,Shutter Island,138,2010,"Mystery, Thriller",2/13/2010,8.1,63,R,125001000
tt1104001,Tron,125,2010,"Action, Adventure, Fantasy, Sci-Fi",11/30/2010,6.8,49,PG,172051787
tt0435761,Toy Story 3,103,2010,"Animation, Adventure, Comedy, Family, Fantasy",6/12/2010,8.3,92,G,414984497
tt0780504,Drive,100,2011,"Crime, Drama",5/20/2011,7.8,78,R,34300000
tt1596343,Fast Five,130,2011,"Action, Crime, Thriller",4/15/2011,7.3,66,PG-13,209805005
tt1201607,Harry Potter and the Deathly Hallows: Part 2,130,2011,"Adventure, Drama, Fantasy, Mystery",7/7/2011,8.1,87,PG-13,381000185
tt1219289,Limitless,105,2011,"Mystery, Sci-Fi, Thriller",3/8/2011,7.4,59,PG-13,79230923
tt1298650,Pirates of the Caribbean: On Stranger Tides,136,2011,"Action, Adventure, Fantasy",5/7/2011,6.6,45,PG-13,241063875
tt1270798,X: First Class,131,2011,"Action, Adventure, Sci-Fi",5/25/2011,7.7,65,PG-13,145300000
tt1568346,The Girl with the Dragon Tattoo,158,2011,"Crime, Drama, Mystery, Thriller",12/12/2011,7.8,71,R,102515793
tt1454029,The Help,146,2011,Drama,8/9/2011,8.1,62,PG-13,169705587
tt1637688,In Time,109,2011,"Action, Crime, Drama, Sci-Fi, Thriller",10/20/2011,6.7,53,PG-13,35900000
tt1232829,21 Jump Street,109,2012,"Action, Comedy, Crime",3/12/2012,7.2,69,R,134000000
tt0948470,The Amazing Spider-Man,136,2012,"Action, Adventure, Sci-Fi",6/13/2012,7.0,66,PG-13,262030663
tt1605630,American Reunion,113,2012,Comedy,4/4/2012,6.7,49,R,55300000
tt0848228,The Avengers,143,2012,"Action, Adventure, Sci-Fi",4/11/2012,8.1,69,PG-13,623279547
tt1440129,Battleship,131,2012,"Action, Adventure, Sci-Fi, Thriller",4/3/2012,5.8,41,PG-13,65173160
tt1194173,The Bourne Legacy,135,2012,"Action, Adventure, Thriller",7/30/2012,6.7,61,PG-13,113165635
tt1217209,Brave,93,2012,"Animation, Adventure, Comedy, Family, Fantasy",6/10/2012,7.1,69,PG,237282182
tt1259521,The Cabin in the Woods,95,2011,"Comedy, Horror",12/11/2011,7.0,72,R,42043633
tt1790886,The Campaign,85,2012,Comedy,8/4/2012,6.1,50,R,86897182
tt1371111,Cloud Atlas,172,2012,"Action, Drama, Mystery, Sci-Fi",9/8/2012,7.4,55,R,22100000
tt1345836,The Dark Knight Rises,164,2012,"Action, Thriller",7/16/2012,8.4,78,PG-13,448130642
tt1077368,Dark Shadows,113,2012,"Comedy, Fantasy, Horror",5/9/2012,6.2,55,PG-13,79711678
tt1853728,Django Unchained,165,2012,"Drama, Western",12/11/2012,8.4,81,R,162804648
tt1343727,Dredd,95,2012,"Action, Crime, Sci-Fi",7/11/2012,7.1,60,R,13401683
tt1855199,End of Watch,109,2012,"Action, Crime, Drama, Thriller",9/8/2012,7.6,68,R,39100000
tt1764651,The Expendables 2,103,2012,"Action, Adventure, Thriller",8/8/2012,6.6,51,R,85017401
tt1907668,Flight,138,2012,"Drama, Thriller",10/14/2012,7.3,76,R,89400000
tt1694020,The Guilt Trip,95,2012,"Comedy, Drama",12/19/2012,5.8,50,PG-13,37101011
tt1648179,Here Comes the Boom,105,2012,"Action, Comedy, Sport",10/10/2012,6.4,40,PG,45274251
tt0903624,The Hobbit: An Unexpected Journey,169,2012,"Adventure, Family, Fantasy",11/28/2012,7.9,58,PG-13,303001229
tt0837562,Hotel Transylvania,91,2012,"Animation, Comedy, Family, Fantasy",9/8/2012,7.1,47,PG,148280635
tt0790724,Jack Reacher,130,2012,"Action, Crime, Thriller",12/10/2012,7.0,50,PG-13,80033643
tt0401729,John Carter,132,2012,"Action, Adventure, Sci-Fi",2/22/2012,6.6,51,PG-13,73058679
tt1764234,Killing Them Softly,97,2012,"Crime, Thriller",5/22/2012,6.2,64,R,14900000
tt1212450,Lawless,116,2012,"Crime, Drama",5/19/2012,7.3,58,R,36300000
tt0454876,Life of Pi,127,2012,"Adventure, Drama, Fantasy",9/28/2012,7.9,79,PG,103500000
tt1276104,Looper,113,2012,"Action, Crime, Drama, Sci-Fi, Thriller",9/6/2012,7.4,84,R,66305045
tt1915581,Magic Mike,110,2012,"Comedy, Drama",6/24/2012,6.1,72,R,113709992
tt1568338,Man on a Ledge,102,2012,"Action, Adventure, Crime, Thriller",1/26/2012,6.6,40,PG-13,18400000
tt1258972,The Man with the Iron Fists,95,2012,Action,10/25/2012,5.4,51,R,15608545
tt1560747,The Master,138,2012,Drama,9/1/2012,7.1,86,R,15800000
tt1409024,Men in Black 3,106,2012,"Action, Adventure, Comedy, Sci-Fi",5/14/2012,6.8,58,PG-13,179020854
tt1047540,Parental Guidance,105,2012,"Comedy, Family",12/25/2012,6.1,36,PG,77253083
tt1636826,Project X,88,2012,Comedy,3/1/2012,6.7,48,R,53400000
tt1446714,Prometheus,124,2012,"Adventure, Mystery, Sci-Fi",4/11/2012,7.0,64,R,126464904
tt1234719,Red Dawn,93,2012,"Action, Sci-Fi, Thriller",9/27/2012,5.4,31,PG-13,44794936
tt1446192,Rise of the Guardians,97,2012,"Animation, Action, Adventure, Comedy, Family, Fantasy",10/10/2012,7.3,57,PG,98800000
tt1615065,Savages,131,2012,"Crime, Drama, Thriller",6/25/2012,6.5,59,R,47300000
tt1931533,Seven Psychopaths,110,2012,"Comedy, Crime",9/7/2012,7.2,66,R,15000000
tt1922777,Sinister,110,2012,"Horror, Mystery, Thriller",3/11/2012,6.8,53,R,48100000
tt1074638,Skyfall,143,2012,"Action, Adventure, Thriller",10/23/2012,7.8,81,PG-13,299300000
tt1735898,Snow White and the Huntsman,127,2012,"Action, Adventure, Drama, Fantasy",5/14/2012,6.1,57,PG-13,155081785
tt1397280,Taken 2,92,2012,"Action, Crime, Thriller",9/7/2012,6.3,45,PG-13,139852115
tt1637725,Ted,106,2012,"Comedy, Fantasy",6/29/2012,6.9,62,R,218100000
tt1232200,That's My Boy,116,2012,Comedy,6/4/2012,5.6,31,R,36900000
tt1758830,This Is 40,134,2012,"Comedy, Romance",12/20/2012,6.2,59,R,65200000
tt1386703,Total Recall,118,2012,"Action, Adventure, Mystery, Sci-Fi, Thriller",8/2/2012,6.3,43,PG-13,58877969
tt2091473,Promised Land,106,2012,Drama,12/4/2012,6.6,55,R,7600000
tt1772341,Wreck-It Ralph,101,2012,"Animation, Adventure, Comedy, Family, Fantasy",11/1/2012,7.7,72,PG,189412677
tt1351685,Jack the Giant Slayer,114,2013,"Adventure, Fantasy",2/27/2013,6.3,51,PG-13,65171860
tt1623205,Oz the Great and Powerful,130,2013,"Adventure, Family, Fantasy",2/14/2013,6.3,44,PG,234903076
tt1606378,A Good Day to Die Hard,98,2013,"Action, Thriller",2/6/2013,5.3,28,R,67344392
tt1924429,Trance,101,2013,"Crime, Drama, Mystery, Thriller",3/19/2013,6.9,61,R,4856227
tt2053463,Side Effects,106,2013,"Crime, Drama, Mystery, Thriller",1/31/2013,7.1,75,R,32154410
tt2101441,Spring Breakers,94,2012,"Comedy, Crime, Drama",9/5/2012,5.3,63,R,13900000
tt0790628,The Incredible Burt Wonderstone,100,2013,"Adventure, Comedy, Fantasy",3/8/2013,5.9,44,PG-13,22525921
tt1433811,Disconnect,115,2012,"Drama, Thriller",9/11/2012,7.5,64,R,1400000
tt1935179,Mud,130,2012,Drama,5/26/2012,7.4,76,PG-13,21589307
tt1381404,The Company You Keep,125,2012,"Drama, Thriller",9/6/2012,6.4,57,R,5132442
tt2302755,Olympus Has Fallen,119,2013,"Action, Thriller",3/18/2013,6.5,41,R,98600000
tt1817273,The Place Beyond the Pines,140,2012,"Crime, Drama, Thriller",9/7/2012,7.3,68,R,21300000
tt1583421,G.I. Joe: Retaliation,110,2013,"Action, Adventure, Sci-Fi, Thriller",3/11/2013,5.8,41,PG-13,122512052
tt0481499,The Croods,98,2013,"Animation, Action, Adventure, Comedy, Family, Fantasy",2/15/2013,7.2,55,PG,187165546
tt2243537,A Haunted House,86,2013,"Comedy, Fantasy",1/11/2013,5.1,20,R,32536865
tt0816711,World War Z,116,2013,"Action, Adventure, Horror, Sci-Fi, Thriller",6/2/2013,7.0,63,PG-13,202351611
tt1483013,Oblivion,124,2013,"Action, Adventure, Sci-Fi",3/26/2013,7.0,54,PG-13,89021735
tt1731141,Ender's Game,114,2013,"Action, Adventure, Fantasy, Sci-Fi",10/24/2013,6.6,51,PG-13,61656849
tt1170358,The Hobbit: The Desolation of Smaug,161,2013,"Adventure, Fantasy",12/2/2013,7.8,66,PG-13,180443783
tt0770828,Man of Steel,143,2013,"Action, Adventure, Fantasy, Sci-Fi",6/10/2013,7.1,55,PG-13,291021565
tt1663662,Pacific Rim,131,2013,"Action, Adventure, Sci-Fi",7/1/2013,6.9,65,PG-13,101785482
tt1951264,The Hunger Games: Catching Fire,146,2013,"Action, Adventure, Sci-Fi, Thriller",11/11/2013,7.5,76,PG-13,336663349
tt1210819,The Lone Ranger,150,2013,"Action, Adventure, Western",6/22/2013,6.4,37,PG-13,89289910
tt1430132,The Wolverine,126,2013,"Action, Adventure, Sci-Fi",7/16/2013,6.7,61,PG-13,132550960
tt1535108,Elysium,109,2013,"Action, Drama, Sci-Fi",8/7/2013,6.6,61,R,90800000
tt1815862,After Earth,100,2013,"Action, Adventure, Sci-Fi",5/1/2013,4.8,33,PG-13,60522097
tt1300854,Iron Man Three,130,2013,"Action, Adventure, Sci-Fi",4/12/2013,7.2,62,PG-13,408992272
tt1245492,This Is the End,107,2013,"Comedy, Fantasy",6/3/2013,6.6,67,R,96200000
tt0790736,R.I.P.D.,96,2013,"Action, Adventure, Comedy, Fantasy, Sci-Fi",7/17/2013,5.6,25,PG-13,33500000
tt1981115,Thor: The Dark World,112,2013,"Action, Adventure, Fantasy",10/22/2013,7.0,54,PG-13,206360018
tt1408101,Star Trek Into Darkness,132,2013,"Action, Adventure, Sci-Fi",5/2/2013,7.7,72,PG-13,228756232
tt1670345,Now You See Me,115,2013,"Crime, Mystery, Thriller",5/21/2013,7.3,50,PG-13,117698894
tt1951261,The Hangover Part III,100,2013,"Adventure, Comedy, Crime",5/20/2013,5.8,30,R,112200000
tt1650554,Kick-Ass 2,103,2013,"Action, Comedy, Crime",8/14/2013,6.6,41,R,28800000
tt1731697,The Lords of Salem,101,2012,"Horror, Thriller",9/10/2012,5.1,57,R,1000000
tt1649419,Lo imposible,114,2012,"Drama, History, Thriller",9/9/2012,7.6,73,PG-13,18996755
tt1869425,Filly Brown,80,2012,"Drama, Music",1/20/2012,5.7,57,R,2818020
tt1781769,Anna Karenina,129,2012,"Drama, Romance",9/7/2012,6.6,63,R,12802907
tt1389096,Stand Up Guys,95,2012,"Comedy, Crime, Thriller",9/30/2012,6.5,41,R,3301046
tt1230215,Not Fade Away,112,2012,Drama,10/6/2012,6.0,65,R,605747
tt2066176,Any Day Now,98,2012,Drama,4/20/2012,7.5,60,R,200002
tt0453562,42,128,2013,"Biography, Drama, Sport",4/12/2013,7.5,62,PG-13,95001343
tt1288558,Evil Dead,91,2013,"Fantasy, Horror, Thriller",3/8/2013,6.5,57,R,54200000
tt0795461,Scary Movie 5,86,2013,Comedy,4/11/2013,3.5,11,PG-13,32014289
tt1235522,Broken City,109,2013,"Crime, Drama, Thriller",1/18/2013,6.2,49,R,19600000
tt1321870,Gangster Squad,113,2013,"Action, Crime, Drama, Thriller",1/7/2013,6.7,40,R,45996718
tt1905041,Furious 6,130,2013,"Action, Crime, Thriller",5/7/2013,7.1,61,PG-13,238700000
tt1980209,Pain & Gain,129,2013,"Action, Comedy, Crime, Drama, Thriller",4/11/2013,6.4,45,R,49300000
tt2023587,Mama,100,2013,"Horror, Thriller",1/17/2013,6.2,57,PG-13,71588220
tt1253863,300: Rise of an Empire,102,2014,"Action, Fantasy, War",3/4/2014,6.2,48,R,91024535
tt2070862,Temptation: Confessions of a Marriage Counselor,111,2013,"Drama, Thriller",3/16/2013,5.0,26,PG-13,51935916
tt1727388,The Way Way Back,103,2013,"Comedy, Drama",1/21/2013,7.4,68,PG-13,21501098
tt2191701,Grown Ups 2,101,2013,Comedy,7/11/2013,5.4,19,PG-13,127400000
tt2387433,Dark Skies,97,2013,"Horror, Sci-Fi, Thriller",2/21/2013,6.3,50,PG-13,17411930
tt1854564,Percy Jackson: Sea of Monsters,106,2013,"Adventure, Family, Fantasy, Thriller",8/7/2013,5.8,39,PG,68558662
tt2132285,The Bling Ring,90,2013,"Biography, Crime, Drama",5/16/2013,5.6,66,R,5500000
tt2024432,Identity Thief,111,2013,"Adventure, Comedy, Crime, Drama",2/7/2013,5.7,35,R,134455175
tt1931435,The Big Wedding,89,2013,"Comedy, Drama, Romance",4/25/2013,5.6,28,R,21500000
tt1684233,Welcome to the Punch,99,2013,"Action, Crime, Thriller",2/24/2013,6.1,49,R,6787
tt1602613,Only God Forgives,90,2013,"Crime, Drama",5/22/2013,5.7,37,R,700000
tt1333125,Movie 43,94,2013,Comedy,1/1/2013,4.3,18,R,8700000
tt1428538,Hansel & Gretel: Witch Hunters,88,2013,"Action, Fantasy, Horror",1/17/2013,6.1,23,R,55000000
tt2184339,The Purge,85,2013,"Horror, Thriller",5/2/2013,5.7,41,R,64400000
tt0882977,Snitch,112,2013,"Action, Drama, Thriller",2/21/2013,6.5,51,PG-13,42908315
tt0429493,The A-Team,117,2010,"Action, Adventure, Comedy, Crime, Thriller",6/3/2010,6.8,47,PG-13,77213489
tt1014759,Alice in Wonderland,108,2010,"Adventure, Family, Fantasy",2/25/2010,6.5,53,PG,319323000
tt0947798,Black Swan,108,2010,"Drama, Thriller",9/1/2010,8.0,79,R,106952327
tt1037705,The Book of Eli,118,2010,"Action, Adventure, Drama, Thriller",1/11/2010,6.9,53,R,94800000
tt0800320,Clash of the Titans,106,2010,"Action, Adventure, Fantasy",3/26/2010,5.8,39,PG-13,163100000
tt1231583,Due Date,95,2010,"Adventure, Comedy",10/31/2010,6.6,51,R,100448498
tt1320253,The Expendables,103,2010,"Action, Adventure, Thriller",8/3/2010,6.5,45,R,102981571
tt1226229,Get Him to the Greek,109,2010,"Adventure, Comedy, Music",5/25/2010,6.4,65,R,60923325
tt0926084,Harry Potter and the Deathly Hallows: Part 1,146,2010,"Adventure, Fantasy, Mystery",11/11/2010,7.7,65,PG-13,294980434
tt1386588,The Other Guys,107,2010,"Action, Comedy, Crime",8/2/2010,6.7,64,PG-13,119219978
tt0814255,Percy Jackson & the Olympians: The Lightning Thief,118,2010,"Adventure, Family, Fantasy",2/10/2010,5.9,47,PG,61198532
tt0955308,Robin Hood,140,2010,"Action, Adventure, Drama, History, Romance",5/12/2010,6.7,53,PG-13,105219735
tt0944835,Salt,100,2010,"Action, Mystery, Thriller",7/19/2010,6.4,65,PG-13,118311368
tt0840361,The Town,125,2010,"Crime, Drama, Thriller",9/8/2010,7.6,74,R,92173235
tt1284575,Bad Teacher,92,2011,"Comedy, Romance",6/17/2011,5.7,47,R,100292856
tt1217613,Battle Los Angeles,116,2011,"Action, Sci-Fi",3/8/2011,5.8,37,PG-13,83537651
tt1216475,Cars 2,106,2011,"Animation, Adventure, Comedy, Family, Sport",6/18/2011,6.2,57,G,191450875
tt1488555,The Change-Up,112,2011,"Comedy, Fantasy",8/1/2011,6.3,39,R,37000000
tt0409847,Cowboys & Aliens,119,2011,"Action, Sci-Fi, Thriller, Western",7/29/2011,6.0,50,PG-13,100215116
tt1133985,Green Lantern,114,2011,"Action, Adventure, Sci-Fi",6/14/2011,5.5,39,PG-13,116600000
tt1411697,The Hangover Part II,102,2011,"Comedy, Mystery",5/19/2011,6.5,44,R,254400000
tt1499658,Horrible Bosses,98,2011,"Comedy, Crime",7/8/2011,6.9,57,R,116900000
tt1464540,I Am Number Four,111,2011,"Action, Adventure, Sci-Fi, Thriller",2/17/2011,6.1,36,PG-13,55086029
tt1092026,Paul,104,2011,"Adventure, Comedy, Sci-Fi",2/7/2011,7.0,57,R,37371385
tt1436562,Rio,96,2011,"Animation, Adventure, Comedy, Family, Musical",3/22/2011,6.9,63,G,143613651
tt1318514,Rise of the Planet of the Apes,105,2011,"Action, Drama, Sci-Fi, Thriller",7/28/2011,7.6,68,PG-13,175300000
tt1262416,Scream 4,111,2011,"Horror, Mystery",4/11/2011,6.2,52,R,38176892
tt0945513,Source Code,93,2011,"Action, Drama, Sci-Fi, Thriller",3/11/2011,7.5,74,PG-13,54696902
tt0978764,Sucker Punch,110,2011,"Action, Fantasy",3/21/2011,6.1,33,PG-13,36381716
tt1306980,50/50,100,2011,"Comedy, Drama, Romance",9/12/2011,7.7,72,R,35005118
tt1598778,Contagion,106,2011,"Drama, Thriller",9/3/2011,6.6,70,PG-13,75638743
tt1033575,The Descendants,115,2011,"Comedy, Drama",9/2/2011,7.3,84,R,78500000
tt1124035,The Ides of March,101,2011,"Drama, Thriller",8/31/2011,7.1,67,R,40962534
tt1253864,Immortals,110,2011,"Action, Drama, Fantasy, Romance",11/10/2011,6.0,46,R,83488546
tt0433035,Real Steel,127,2011,"Action, Drama, Family, Sci-Fi, Sport",9/6/2011,7.1,56,PG-13,85463309
tt1515091,Sherlock Holmes: A Game of Shadows,129,2011,"Action, Adventure, Crime, Mystery, Thriller",12/10/2011,7.5,48,PG-13,186830669
tt1340800,Tinker Tailor Soldier Spy,122,2011,"Drama, Mystery, Thriller",9/5/2011,7.1,85,R,20200000
tt1389137,We Bought a Zoo,124,2011,"Comedy, Drama, Family",11/26/2011,7.1,58,PG,72700000
tt1611224,Abraham Lincoln: Vampire Hunter,105,2012,"Action, Fantasy, Horror, Western",6/18/2012,5.9,42,R,37300000
tt1712170,Alex Cross,101,2012,"Action, Crime, Mystery, Thriller",10/15/2012,5.1,30,PG-13,25863915
tt1629757,Chasing Mavericks,116,2012,"Biography, Drama, Sport",10/25/2012,7.2,45,PG,5800000
tt1706593,Chronicle,84,2012,"Drama, Sci-Fi, Thriller",1/28/2012,7.1,69,PG-13,60800000
tt1748227,The Collection,82,2012,"Horror, Thriller",9/21/2012,6.1,38,R,6842058
tt1524137,Contraband,109,2012,"Action, Crime, Drama, Thriller",1/12/2012,6.5,51,R,66489425
tt1645170,The Dictator,83,2012,Comedy,5/16/2012,6.4,58,R,57700000
tt1663143,Fun Size,86,2012,"Adventure, Comedy",10/25/2012,5.4,37,PG-13,9402410
tt1601913,The Grey,117,2011,"Action, Adventure, Drama, Thriller",12/11/2011,6.8,64,R,51533608
tt1506999,Haywire,93,2011,"Action, Drama, Thriller",11/6/2011,5.8,67,R,18934858
tt1582507,House at the End of the Street,101,2012,"Drama, Horror, Thriller",9/21/2012,5.6,31,PG-13,31600000
tt1667889,Ice Age: Continental Drift,88,2012,"Animation, Adventure, Comedy, Drama, Family, Fantasy",6/26/2012,6.6,49,PG,161317423
tt1592525,Lockout,95,2012,"Action, Adventure, Crime, Sci-Fi, Thriller",4/7/2012,6.1,48,PG-13,14291570
tt1482459,The Lorax,86,2012,"Animation, Adventure, Comedy, Drama, Family, Fantasy, Musical",3/1/2012,6.4,46,PG,211000000
tt1277953,Madagascar 3: Europe's Most Wanted,93,2012,"Animation, Adventure, Comedy, Family",5/18/2012,6.8,60,PG,216366733
tt1462769,The Odd Life of Timothy Green,105,2012,"Comedy, Drama, Family, Fantasy",8/15/2012,6.6,47,PG,51853450
tt1623288,ParaNorman,92,2012,"Animation, Adventure, Comedy, Family, Fantasy",8/3/2012,7.0,72,PG,55994557
tt1547234,Premium Rush,91,2012,"Action, Crime, Thriller",8/23/2012,6.5,66,PG-13,20275446
tt1486192,The Raven,110,2012,"Crime, Mystery, Thriller",3/9/2012,6.4,44,R,16000000
tt1855325,Resident Evil: Retribution,95,2012,"Action, Horror, Sci-Fi, Thriller",9/3/2012,5.4,39,R,42345531
tt1599348,Safe House,115,2012,"Action, Adventure, Crime, Thriller",2/7/2012,6.8,52,R,126149655
tt0938330,Silent Hill: Revelation,95,2012,Horror,10/25/2012,5.0,16,R,17529157
tt1655460,Wanderlust,98,2012,"Comedy, Romance",2/16/2012,5.6,53,R,17255675
tt1298649,The Watch,102,2012,"Action, Comedy, Horror, Sci-Fi",7/27/2012,5.7,36,R,34100000
tt1646987,Wrath of the Titans,99,2012,"Action, Adventure, Fantasy",3/28/2012,5.7,37,PG-13,83640426
tt1549920,The Last Stand,107,2013,"Action, Thriller",1/12/2013,6.4,54,R,12000000
tt1706620,Snowpiercer,126,2013,"Action, Drama, Sci-Fi",7/29/2013,7.1,84,R,2786828
tt1682180,Stoker,99,2013,"Drama, Thriller",1/20/2013,6.8,58,R,1700000
tt1453405,Monsters University,104,2013,"Animation, Adventure, Comedy, Family, Fantasy",6/5/2013,7.3,65,G,260300000
tt1939659,Carrie,100,2013,"Drama, Horror",10/7/2013,5.9,53,R,28440607
tt1690953,Despicable Me 2,98,2013,"Animation, Adventure, Comedy, Family, Fantasy, Sci-Fi",6/16/2013,7.4,62,PG,368049635
tt1229340,Anchorman 2: The Legend Continues,119,2013,Comedy,11/24/2013,6.3,61,PG-13,76820043
tt2334879,White House Down,131,2013,"Action, Drama, Thriller",6/21/2013,6.4,52,PG-13,73103784
tt1411250,Riddick,119,2013,"Action, Sci-Fi, Thriller",9/4/2013,6.4,49,R,35512027
tt1321511,Oldboy,104,2013,"Action, Drama, Mystery, Thriller",11/11/2013,5.8,49,R,1227546
tt1656186,Stolen,96,2012,"Action, Crime, Drama, Thriller",9/6/2012,5.5,43,R,289773
tt2125435,Beasts of the Southern Wild,93,2012,"Adventure, Drama, Fantasy",1/20/2012,7.3,86,PG-13,12784397
tt1667310,Deadfall,95,2012,"Crime, Drama, Thriller",4/22/2012,6.3,52,R,38734
tt0337692,On the Road,124,2012,"Adventure, Drama, Romance",5/23/2012,6.1,56,R,665094
tt1496422,The Paperboy,107,2012,"Crime, Drama, Mystery, Thriller",5/24/2012,5.8,45,R,692640
tt1783732,John Dies at the End,99,2012,"Comedy, Horror, Sci-Fi",1/23/2012,6.4,53,R,141307
tt1836808,Great Expectations,128,2012,"Drama, Romance",9/30/2012,6.4,60,PG-13,258656
tt1687901,The Awakening,102,2011,"Horror, Thriller",9/16/2011,6.5,53,R,175088
tt1723811,Shame,101,2011,Drama,9/4/2011,7.2,72,NC-17,2971782
tt1412386,The Best Exotic Marigold Hotel,124,2011,"Comedy, Drama, Romance",11/30/2011,7.3,62,PG-13,46377022
tt1959490,Noah,138,2014,"Action, Adventure, Drama",3/10/2014,5.8,68,PG-13,101160529
tt2015381,Guardians of the Galaxy,121,2014,"Action, Adventure, Comedy, Sci-Fi",7/21/2014,8.1,76,PG-13,270592504
tt1291150,Teenage Mutant Ninja Turtles,101,2014,"Action, Adventure, Comedy, Sci-Fi",8/3/2014,5.8,31,PG-13,163911409
tt2333784,The Expendables 3,126,2014,"Action, Adventure, Thriller",8/4/2014,6.1,35,PG-13,34742878
tt2101341,Dead Man Down,118,2013,"Action, Crime, Drama, Thriller",3/8/2013,6.5,39,R,10880926
tt0458481,Sin City: A Dame to Kill For,102,2014,"Crime, Thriller",8/19/2014,6.5,46,R,11064709
tt1711425,21 & Over,93,2013,Comedy,2/28/2013,5.9,34,R,25675765
tt1904996,Parker,118,2013,"Action, Crime, Thriller",1/18/2013,6.2,42,R,17609982
tt0765446,Escape from Planet Earth,89,2013,"Animation, Adventure, Comedy, Family, Sci-Fi",2/15/2013,5.9,35,PG,54700000
tt2234155,The Internship,119,2013,Comedy,5/29/2013,6.3,42,PG-13,44400000
tt0848537,Epic,102,2013,"Animation, Adventure, Family, Fantasy, Thriller",5/1/2013,6.7,52,PG,107515297
tt1155076,The Karate Kid,140,2010,"Action, Drama, Family, Romance, Sport",6/7/2010,6.2,61,PG,176591618
tt1013743,Knight and Day,109,2010,"Action, Adventure, Comedy",6/16/2010,6.3,46,PG-13,76418654
tt0938283,The Last Airbender,103,2010,"Action, Adventure, Family, Fantasy",6/30/2010,4.1,20,PG,131564731
tt1001526,Megamind,95,2010,"Animation, Action, Comedy, Family, Sci-Fi",10/28/2010,7.3,63,PG,148244405
tt1424381,Predators,107,2010,"Action, Adventure, Sci-Fi, Thriller",7/7/2010,6.4,51,R,52000688
tt0892791,Shrek Forever After,93,2010,"Animation, Adventure, Comedy, Family, Fantasy, Romance",4/21/2010,6.3,58,PG,238319043
tt0477080,Unstoppable,98,2010,"Action, Thriller",10/26/2010,6.8,69,PG-13,81557479
tt1502404,Drive Angry,104,2011,"Action, Adventure, Crime, Fantasy, Sci-Fi, Thriller",2/24/2011,5.4,44,R,10706786
tt0990407,The Green Hornet,119,2011,"Action, Comedy, Crime, Sci-Fi, Thriller",1/12/2011,5.8,39,PG-13,98000000
tt0993842,Hanna,111,2011,"Action, Drama, Thriller",4/7/2011,6.8,65,PG-13,40200000
tt1591095,Insidious,103,2010,"Horror, Mystery, Thriller",9/14/2010,6.9,52,PG-13,53700000
tt1302011,Kung Fu Panda 2,90,2011,"Animation, Action, Adventure, Comedy, Family, Fantasy",5/22/2011,7.2,67,PG,165230261
tt1486185,Red Riding Hood,100,2011,"Fantasy, Horror, Mystery, Romance, Thriller",3/7/2011,5.5,29,PG-13,37200000
tt1401152,Unknown,113,2011,"Action, Mystery, Thriller",2/16/2011,6.9,56,PG-13,63677735
tt1240982,Your Highness,102,2011,"Adventure, Comedy, Fantasy",4/8/2011,5.5,31,R,21600000
tt1657507,Colombiana,108,2011,"Action, Drama, Thriller",7/27/2011,6.4,45,PG-13,36665854
tt0477302,Extremely Loud & Incredibly Close,129,2011,"Adventure, Drama, Mystery",12/25/2011,6.9,46,PG-13,31836745
tt1448755,Killer Elite,116,2011,"Action, Crime, Thriller",9/10/2011,6.5,44,R,25093607
tt1204342,The Muppets,103,2011,"Adventure, Comedy, Family, Musical",11/4/2011,7.1,75,PG,88625922
tt0448694,Puss in Boots,90,2011,"Animation, Action, Adventure, Comedy, Family, Fantasy",10/23/2011,6.6,65,PG,149234747
tt0471042,Tower Heist,104,2011,"Action, Comedy, Crime",10/24/2011,6.2,59,PG-13,78009155
tt1568911,War Horse,146,2011,"Drama, History, War",12/4/2011,7.2,72,PG-13,79883359
tt1591479,Act of Valor,110,2012,"Action, Adventure, Drama, Thriller, War",2/7/2012,6.5,40,R,65800000
tt1366365,The Cold Light of Day,93,2012,"Action, Thriller",4/4/2012,4.9,22,PG-13,3700000
tt1142977,Frankenweenie,87,2012,"Animation, Comedy, Family, Horror, Sci-Fi",9/20/2012,7.0,74,PG,35287788
tt1838544,Gone,94,2012,"Action, Adventure, Drama, Horror, Mystery, Thriller",2/21/2012,5.9,36,PG-13,11400000
tt1397514,Journey 2: The Mysterious Island,94,2012,"Action, Adventure, Comedy, Family, Fantasy, Sci-Fi",1/19/2012,5.8,41,PG,103812241
tt1327194,The Lucky One,101,2012,"Drama, Romance",4/19/2012,6.5,39,PG-13,60443237
tt1667353,Mirror Mirror,106,2012,"Adventure, Comedy, Drama, Family, Fantasy",3/15/2012,5.6,46,PG,64933670
tt2109184,Paranormal Activity 4,88,2012,"Horror, Mystery, Thriller",10/16/2012,4.6,40,R,53921335
tt0431021,The Possession,92,2012,"Horror, Mystery, Thriller",8/30/2012,5.9,45,PG-13,49100000
tt1899353,Serbuan maut,101,2011,"Action, Thriller",9/8/2011,7.6,73,R,1200000
tt2083383,Trouble with the Curve,111,2012,"Drama, Sport",9/19/2012,6.8,58,PG-13,35754555
tt1496025,Underworld Awakening,88,2012,"Action, Fantasy, Horror",1/19/2012,6.4,39,R,62321039
tt1596365,The Woman in Black,95,2012,"Drama, Fantasy, Horror, Thriller",2/3/2012,6.4,62,PG-13,54322273
tt1213663,The World's End,109,2013,"Action, Comedy, Sci-Fi",7/10/2013,7.0,81,R,33408732
tt1132449,Lay the Favorite,94,2012,"Comedy, Drama, Romance",1/21/2012,4.8,38,R,20998
tt1990314,Robot & Frank,89,2012,"Comedy, Crime, Drama, Sci-Fi",1/20/2012,7.1,67,PG-13,3200000
tt1308729,Bullet to the Head,92,2012,"Action, Crime, Thriller",11/14/2012,5.7,48,R,9500000
tt1748179,Red Lights,114,2012,"Drama, Fantasy, Horror, Mystery, Thriller",1/20/2012,6.2,36,R,49251
tt1764183,Arbitrage,107,2012,"Drama, Thriller",1/21/2012,6.6,73,R,7918283
tt0478304,The Tree of Life,139,2011,"Drama, Fantasy",5/16/2011,6.8,85,PG-13,13303319
tt1726669,Killer Joe,102,2011,"Crime, Drama, Thriller",9/8/2011,6.7,62,R,1800000
tt1399683,Winter's Bone,100,2010,"Drama, Mystery",1/21/2010,7.2,90,R,6200000
tt0816692,Interstellar,169,2014,"Adventure, Drama, Sci-Fi",10/26/2014,8.6,74,PG-13,158737441
tt0831387,Godzilla,123,2014,"Action, Adventure, Sci-Fi, Thriller",5/8/2014,6.4,62,PG-13,172962996
tt2209418,Before Midnight,109,2013,"Drama, Romance",1/20/2013,7.9,94,R,8114507
tt2404463,The Heat,117,2013,"Action, Comedy, Crime",6/23/2013,6.6,60,R,158300000
tt1457767,The Conjuring,112,2013,"Horror, Mystery, Thriller",6/8/2013,7.5,68,R,137387272
tt0980970,The Chronicles of Narnia: The Voyage of the Dawn Treader,113,2010,"Adventure, Family, Fantasy",12/2/2010,6.3,53,PG,104383624
tt1196141,Diary of a Wimpy Kid,94,2010,"Comedy, Drama, Family",3/18/2010,6.2,56,PG,64001297
tt1433108,Faster,98,2010,"Action, Crime, Drama, Thriller",11/24/2010,6.5,44,R,23225911
tt1231587,Hot Tub Time Machine,101,2010,"Comedy, Sci-Fi",3/17/2010,6.4,63,R,48925682
tt0970866,Little Fockers,98,2010,"Comedy, Romance",12/22/2010,5.5,27,PG-13,148383780
tt0985694,Machete,105,2010,"Action, Crime, Thriller",9/1/2010,6.6,60,R,26200000
tt0464154,Piranha 3D,88,2010,"Comedy, Horror",8/20/2010,5.4,53,R,24900000
tt1220634,Resident Evil: Afterlife,96,2010,"Action, Adventure, Horror, Sci-Fi",9/2/2010,5.9,37,R,60128566
tt0963966,The Sorcerer's Apprentice,109,2010,"Action, Adventure, Family, Fantasy",7/6/2010,6.1,46,PG,63143812
tt1411704,Hop,95,2011,"Animation, Adventure, Comedy, Family, Fantasy",3/30/2011,5.4,41,PG,108012170
tt0472399,The Mechanic,93,2011,"Action, Crime, Thriller",1/13/2011,6.6,49,R,29113588
tt0822847,Priest,87,2011,"Action, Adventure, Horror, Sci-Fi",4/26/2011,5.7,41,PG-13,29100000
tt0472181,The Smurfs,103,2011,"Animation, Adventure, Comedy, Family, Fantasy",7/24/2011,5.5,30,PG,142614158
tt1622547,30 Minutes or Less,83,2011,"Action, Comedy, Crime",8/11/2011,6.1,49,R,37100000
tt1093357,The Darkest Hour,89,2011,"Action, Adventure, Horror, Sci-Fi, Thriller",12/22/2011,4.9,18,PG-13,21426805
tt1438176,Fright Night,106,2011,"Comedy, Horror",8/14/2011,6.4,64,R,18298649
tt1402488,Happy Feet Two,100,2011,"Animation, Adventure, Comedy, Family, Musical",11/17/2011,5.9,50,PG,63992328
tt1366344,The Sitter,81,2011,Comedy,12/9/2011,5.7,39,R,30200000
tt0905372,The Thing,103,2011,"Horror, Mystery, Sci-Fi",10/10/2011,6.2,49,R,16907450
tt1071875,Ghost Rider: Spirit of Vengeance,96,2011,"Action, Adventure, Crime, Fantasy, Sci-Fi, Thriller",12/11/2011,4.3,34,PG-13,51774002
tt1716777,People Like Us,114,2012,"Comedy, Drama",6/15/2012,7.1,49,PG-13,12431792
tt0383010,The Three Stooges,92,2012,"Comedy, Family",4/13/2012,5.1,56,PG,41800000
tt2084989,Upstream Color,96,2013,"Drama, Sci-Fi",1/21/2013,6.7,81,Not Rated,415067
tt1247690,Serena,109,2014,"Drama, History, Romance",10/13/2014,5.4,36,R,326289
tt2023690,Sightseers,88,2012,"Adventure, Comedy, Crime, Horror, Romance",5/23/2012,6.5,69,Not Rated,26183
tt1714203,Piranha 3DD,83,2012,"Comedy, Horror",5/11/2012,3.7,24,R,370904
tt1480656,Cosmopolis,109,2012,"Drama, Fantasy",5/25/2012,5.0,58,R,600000
tt1713476,The Bay,84,2012,"Horror, Sci-Fi, Thriller",9/13/2012,5.6,65,R,30474
tt1441951,Quartet,94,2012,"Comedy, Drama",9/9/2012,6.8,64,PG-13,18000000
tt1872818,Liberal Arts,97,2012,"Comedy, Drama, Music, Romance",1/22/2012,6.7,55,PG-13,317190
tt0857190,The Sweeney,112,2012,"Action, Crime, Drama",8/1/2012,6.1,48,R,26345
tt1567609,Get the Gringo,96,2012,"Action, Crime, Drama, Thriller",3/15/2012,7.0,60,R,493573
tt1770734,Shadow Dancer,101,2012,"Drama, Thriller",1/24/2012,6.2,71,R,99134
tt1242460,We Need to Talk About Kevin,112,2011,"Drama, Mystery, Thriller",5/12/2011,7.5,68,R,1738692
tt1440345,This Must Be the Place,118,2011,"Comedy, Drama",5/20/2011,6.7,61,R,142242
tt1549572,Another Earth,92,2011,"Drama, Romance, Sci-Fi",1/24/2011,7.0,66,PG-13,957752
tt1527186,Melancholia,135,2011,"Drama, Sci-Fi",5/18/2011,7.2,80,R,2900000
tt1465522,Tucker and Dale vs Evil,89,2010,"Comedy, Horror",1/22/2010,7.6,65,R,154232
tt2310332,The Hobbit: The Battle of the Five Armies,144,2014,"Adventure, Fantasy",12/1/2014,7.4,59,PG-13,187747747
tt1790864,The Maze Runner,113,2014,"Action, Mystery, Sci-Fi, Thriller",9/11/2014,6.8,57,PG-13,98537272
tt1234721,RoboCop,117,2014,"Action, Crime, Sci-Fi, Thriller",1/30/2014,6.2,52,PG-13,50666882
tt1821694,RED 2,116,2013,"Action, Comedy, Crime, Thriller",7/18/2013,6.6,47,PG-13,53215979
tt1440728,The American,105,2010,"Crime, Drama, Thriller",9/1/2010,6.3,61,R,35596227
tt0947810,Green Zone,115,2010,"Action, Drama, Thriller, War",2/26/2010,6.8,63,R,35000000
tt0842926,The Kids Are All Right,106,2010,"Comedy, Drama, Romance",1/25/2010,7.0,86,R,20803237
tt1038686,Legion,100,2010,"Action, Fantasy, Horror",1/21/2010,5.2,32,R,40168080
tt1228987,Let Me In,116,2010,"Drama, Fantasy, Horror, Mystery, Thriller",9/13/2010,7.1,79,R,12134420
tt0892318,Letters to Juliet,105,2010,"Adventure, Comedy, Drama, Romance",4/25/2010,6.6,50,PG,53021560
tt1179056,A Nightmare on Elm Street,95,2010,"Crime, Drama, Horror, Mystery",4/27/2010,5.2,35,R,63100000
tt1027718,Wall Street: Money Never Sleeps,133,2010,Drama,5/14/2010,6.2,59,PG-13,52474616
tt1637706,Our Idiot Brother,90,2011,"Comedy, Drama",1/22/2011,6.4,60,R,24600000
tt1622979,Final Destination 5,92,2011,Horror,8/4/2011,5.9,50,R,42500000
tt0810913,Jack and Jill,91,2011,Comedy,11/11/2011,3.3,23,PG,74158157
tt1634122,Johnny English Reborn,101,2011,"Action, Adventure, Comedy, Crime",9/15/2011,6.3,46,PG,8269105
tt1268799,A Very Harold & Kumar 3D Christmas,90,2011,"Adventure, Comedy",11/4/2011,6.3,61,R,34400000
tt1433822,The Apparition,83,2012,"Horror, Thriller",8/23/2012,4.1,18,PG-13,4700000
tt1792647,Cirque du Soleil: Worlds Away,91,2012,Fantasy,10/20/2012,6.8,51,PG,12495865
tt1876451,Sparkle,116,2012,"Drama, Music",8/17/2012,5.7,54,PG-13,24397469
tt2042568,Inside Llewyn Davis,104,2013,"Drama, Music",5/19/2013,7.5,93,R,9666762
tt2083379,A Dark Truth,106,2012,"Action, Thriller",9/19/2012,5.6,31,R,5750
tt2063781,Smashed,81,2012,Drama,1/22/2012,6.8,71,R,375981
tt1791614,Struck by Lightning,90,2012,"Comedy, Drama",4/21/2012,6.3,41,Not Rated,100000
tt1349451,Butter,90,2011,"Comedy, Drama",9/4/2011,6.2,40,R,70931
tt1692486,Carnage,80,2011,"Comedy, Drama",9/1/2011,7.2,61,R,2200000
tt1594562,The Innkeepers,101,2011,"Drama, Horror, Mystery",3/12/2011,5.5,64,R,77501
tt1704573,Bernie,99,2011,"Biography, Comedy, Crime, Drama",6/16/2011,6.8,75,PG-13,5900000
tt1716772,The Inbetweeners Movie,97,2011,Comedy,8/17/2011,6.8,44,R,30825490
tt1372686,Coriolanus,123,2011,"Drama, Thriller, War",2/14/2011,6.1,79,R,487578
tt1535616,The Divide,112,2011,"Action, Drama, Horror, Sci-Fi, Thriller",3/13/2011,5.8,28,R,18000
tt1456941,"Tomorrow, When the War Began",103,2010,"Action, Adventure, Drama",8/8/2010,6.2,54,R,8996537
tt1242432,I Spit on Your Grave,108,2010,"Horror, Thriller",5/1/2010,6.3,27,R,92401
tt1617661,Jupiter Ascending,127,2015,"Action, Adventure, Sci-Fi",1/27/2015,5.3,40,PG-13,43733037
tt1038919,The Bounty Hunter,110,2010,"Action, Comedy, Romance",3/11/2010,5.6,22,PG-13,66700000
tt1385867,Cop Out,107,2010,"Action, Comedy, Crime, Thriller",2/25/2010,5.6,31,R,44047293
tt0455407,The Crazies,101,2010,"Horror, Thriller",2/23/2010,6.5,55,R,38240768
tt1314655,Devil,80,2010,"Horror, Mystery, Thriller",9/16/2010,6.2,44,PG-13,33583175
tt0427152,Dinner for Schmucks,114,2010,Comedy,7/30/2010,5.9,56,PG-13,72980108
tt1179034,From Paris with Love,92,2010,"Action, Crime, Thriller",2/4/2010,6.5,42,R,23979741
tt1139328,The Ghost Writer,128,2010,"Drama, Mystery, Thriller",2/12/2010,7.2,77,PG-13,11016593
tt1320261,Gulliver's Travels,85,2010,"Adventure, Comedy, Family, Fantasy",12/22/2010,4.9,33,PG,42776259
tt1212419,Hereafter,129,2010,"Drama, Fantasy, Romance",9/12/2010,6.5,56,PG-13,32741596
tt1103153,Killers,100,2010,"Action, Comedy, Romance, Thriller",6/1/2010,5.4,21,PG-13,47000485
tt1294226,The Last Song,107,2010,"Drama, Music, Romance",3/31/2010,5.9,33,PG,42441000
tt1219342,Legend of the Guardians: The Owls of Ga'Hoole,97,2010,"Animation, Action, Adventure, Family, Fantasy",9/23/2010,7.0,53,PG,54400000
tt0480255,The Losers,97,2010,"Action, Adventure, Crime, Mystery, Thriller",4/22/2010,6.4,44,PG-13,23400000
tt1470023,MacGruber,90,2010,"Action, Comedy, Romance",3/15/2010,5.5,43,R,8000000
tt1053424,Repo Men,111,2010,"Action, Crime, Sci-Fi, Thriller",3/19/2010,6.3,32,R,13156255
tt1564585,Skyline,92,2010,"Action, Sci-Fi, Thriller",11/11/2010,4.4,26,PG-13,12000000
tt1135084,Takers,107,2010,"Action, Crime, Thriller",8/4/2010,6.2,45,PG-13,57744720
tt1185416,When in Rome,91,2010,"Comedy, Romance",1/29/2010,5.6,25,PG-13,32578915
tt1226753,The Debt,113,2010,"Drama, Thriller",9/4/2010,6.9,65,R,31146570
tt1578275,The Dilemma,111,2011,"Comedy, Drama",1/13/2011,5.3,46,PG-13,48430355
tt1034389,The Eagle,114,2011,"Action, Adventure, Drama, History",2/9/2011,6.2,55,PG-13,19478384
tt1396218,Mr. Popper's Penguins,94,2011,"Comedy, Family, Fantasy",6/16/2011,6.0,53,PG,68100000
tt1430607,Arthur Christmas,97,2011,"Animation, Adventure, Comedy, Family, Fantasy",11/11/2011,7.1,69,PG,46440491
tt1053810,The Big Year,100,2011,Comedy,10/14/2011,6.2,53,PG,7100000
tt1462041,Dream House,84,2011,"Drama, Mystery, Thriller",9/29/2011,6.0,35,PG-13,21300000
tt1985017,Atlas Shrugged II: The Strike,111,2012,"Drama, Mystery, Sci-Fi",10/12/2012,5.4,26,PG-13,2509139
tt1568921,Kari-gurashi no Arietti,94,2010,"Animation, Adventure, Family, Fantasy",7/17/2010,7.6,80,G,19192510
tt0763831,A Thousand Words,91,2012,"Comedy, Drama",3/9/2012,5.9,26,PG-13,18429081
tt2103217,Maniac,89,2012,"Horror, Thriller",5/26/2012,6.1,47,Not Rated,20551
tt1869716,The East,116,2013,"Adventure, Drama, Thriller",1/20/2013,6.8,68,PG-13,1600000
tt1454468,Gravity,91,2013,"Drama, Sci-Fi, Thriller",8/28/2013,7.7,96,PG-13,274084951
tt1996264,"For a Good Time, Call...",85,2012,Comedy,1/26/2012,6.0,55,R,1200000
tt1935896,The ABCs of Death,129,2012,"Comedy, Horror",9/15/2012,4.7,43,Not Rated,17160
tt1545106,Vamps,92,2012,"Comedy, Horror, Romance",8/25/2012,5.2,57,PG-13,2741
tt1226240,A Late Quartet,105,2012,"Drama, Music",9/10/2012,7.1,67,R,1400000
tt2040560,The Pact,89,2012,"Horror, Mystery, Thriller",1/20/2012,5.8,54,R,1408261
tt0873886,Red State,88,2011,"Action, Crime, Horror, Thriller",1/23/2011,6.2,50,R,1000000
tt1588398,Sleeping Beauty,101,2011,"Drama, Romance, Thriller",5/11/2011,5.3,57,Not Rated,21236
tt1214962,Seeking Justice,105,2011,"Action, Crime, Drama, Mystery, Thriller",9/2/2011,6.2,38,R,410819
tt1646980,The Double,98,2011,"Action, Crime, Drama, Mystery, Thriller",10/28/2011,5.9,37,PG-13,134286
tt1675192,Take Shelter,121,2011,"Drama, Horror, Thriller",1/24/2011,7.4,85,R,1600000
tt1674784,Trespass,91,2011,"Crime, Drama, Thriller",9/14/2011,5.3,37,R,16816
tt1439572,Perfect Sense,92,2011,"Drama, Romance, Sci-Fi",1/24/2011,7.1,55,R,1567
tt1172991,The Company Men,104,2010,Drama,1/22/2010,6.8,69,R,4439063
tt0817177,Flipped,90,2010,"Comedy, Drama, Romance",7/26/2010,7.7,45,PG,1752214
tt1107319,Dirty Girl,90,2010,"Comedy, Drama",9/12/2010,6.5,37,R,53630
tt1532503,Beginners,105,2010,"Comedy, Drama, Romance",9/11/2010,7.2,81,R,5764842
tt1587310,Maleficent,97,2014,"Action, Adventure, Family, Fantasy, Romance",5/28/2014,7.0,56,PG,190871149
tt1267297,Hercules,98,2014,"Action, Adventure, Fantasy",7/23/2014,6.0,47,PG-13,59445889
tt1226273,Edge of Darkness,117,2010,"Crime, Drama, Mystery, Thriller",1/28/2010,6.6,55,R,43290977
tt1322312,Going the Distance,102,2010,"Comedy, Romance",8/27/2010,6.3,51,R,17797316
tt1320244,The Last Exorcism,87,2010,"Drama, Horror, Thriller",6/24/2010,5.6,63,PG-13,40990055
tt1216492,Leap Year,100,2010,"Comedy, Romance",1/6/2010,6.5,33,PG,25893485
tt1536044,Paranormal Activity 2,91,2010,Horror,10/20/2010,5.7,53,R,84747727
tt0780653,The Wolfman,103,2010,"Drama, Fantasy, Horror, Thriller",1/27/2010,5.8,43,R,61937495
tt1334512,Arthur,110,2011,"Comedy, Romance",4/8/2011,5.7,36,PG-13,29200000
tt1583420,Larry Crowne,98,2011,"Comedy, Drama, Romance",6/27/2011,6.1,41,PG-13,35565975
tt1067774,Monte Carlo,109,2011,"Adventure, Comedy, Family, Romance",6/30/2011,5.8,43,PG,22500000
tt1161864,The Rite,114,2011,"Drama, Horror, Mystery, Thriller",1/26/2011,6.0,38,PG-13,33037754
tt1265990,The Roommate,91,2011,"Drama, Thriller",2/4/2011,4.9,23,PG-13,37300107
tt0881320,Sanctum,108,2011,"Adventure, Drama, Thriller",2/3/2011,5.9,42,R,22300000
tt0479997,Season of the Witch,95,2011,"Action, Adventure, Fantasy",1/4/2011,5.4,28,PG-13,24800000
tt1615918,Alvin and the Chipmunks: Chipwrecked,87,2011,"Animation, Adventure, Comedy, Family, Fantasy, Music",12/14/2011,4.4,24,G,133103929
tt1772240,Apollo 18,86,2011,"Horror, Mystery, Sci-Fi, Thriller",9/1/2011,5.2,24,PG-13,17500000
tt1564349,Dolphin Tale,113,2011,"Drama, Family",9/21/2011,6.9,64,PG,65099999
tt0999913,Straw Dogs,110,2011,"Action, Drama, Thriller",9/16/2011,5.8,45,R,10324441
tt1430615,Big Miracle,107,2012,"Biography, Drama, Family, Romance",2/2/2012,6.5,61,PG,20113965
tt2023453,Diary of a Wimpy Kid: Dog Days,94,2012,"Comedy, Family",8/3/2012,6.3,54,PG,49002815
tt1837709,Winter's Tale,118,2014,"Drama, Fantasy, Mystery, Romance",2/10/2014,6.2,31,PG-13,10628616
tt1829012,Passion,102,2012,"Drama, Mystery, Thriller",9/7/2012,5.3,53,R,57741
tt1659343,Universal Soldier: Day of Reckoning,114,2012,"Action, Horror, Mystery, Sci-Fi, Thriller",8/23/2012,5.1,58,R,3500
tt1945062,About Cherry,98,2012,Drama,2/29/2012,4.8,33,R,2760
tt2115295,Ginger & Rosa,90,2012,Drama,8/31/2012,6.3,69,PG-13,1005700
tt1368440,Branded,106,2012,"Drama, Fantasy, Thriller",9/7/2012,4.7,20,R,353468
tt1441952,Salmon Fishing in the Yemen,107,2011,"Comedy, Drama, Romance",9/10/2011,6.8,58,PG-13,4700000
tt1634121,Intruders,100,2011,"Fantasy, Horror, Thriller",9/12/2011,5.4,45,R,64727
tt1478964,Attack the Block,88,2011,"Action, Comedy, Sci-Fi, Thriller",3/12/2011,6.6,75,R,800000
tt1321860,The Beaver,91,2011,Drama,3/16/2011,6.7,60,PG-13,900000
tt1540133,The Guard,96,2011,"Comedy, Crime, Thriller",1/20/2011,7.3,78,R,5359774
tt0480239,Atlas Shrugged: Part I,97,2011,"Drama, Mystery, Sci-Fi",4/15/2011,5.7,28,PG-13,4563873
tt1535612,The Son of No One,90,2011,"Action, Crime, Drama, Thriller",1/30/2011,5.1,36,R,28870
tt1462758,Buried,95,2010,"Drama, Mystery, Thriller",1/23/2010,7.0,65,R,200000
tt1403177,Hesher,106,2010,"Comedy, Drama",1/22/2010,7.0,45,R,300000
tt1512235,Super,96,2010,"Action, Comedy, Drama",9/10/2010,6.8,50,R,200000
tt1490017,The Lego Movie,100,2014,"Animation, Action, Adventure, Comedy, Family, Fantasy",2/1/2014,7.8,83,PG,244870202
tt2278388,The Grand Budapest Hotel,99,2014,"Adventure, Comedy, Crime, Drama",2/6/2014,8.1,88,R,56939515
tt1555064,Country Strong,117,2010,"Drama, Music",11/8/2010,6.3,45,PG-13,20218921
tt1321509,Death at a Funeral,92,2010,Comedy,4/12/2010,5.7,51,R,16000000
tt1075747,Jonah Hex,81,2010,"Action, Drama, Fantasy, Thriller, Western",6/17/2010,4.7,33,PG-13,10500000
tt1477076,Saw 3D,90,2010,"Crime, Horror, Mystery",10/22/2010,5.6,24,R,45670855
tt1302067,Yogi Bear,80,2010,"Animation, Adventure, Comedy, Family",12/11/2010,4.6,35,PG,100169068
tt1270761,Don't Be Afraid of the Dark,99,2010,"Fantasy, Horror, Thriller",11/6/2010,5.6,56,R,23900000
tt1305591,Mars Needs Moms,88,2011,"Animation, Adventure, Family, Sci-Fi",3/9/2011,5.4,49,PG,21379315
tt2306745,Sound City,107,2013,"Documentary, Music",1/18/2013,7.8,76,NOT RATED,419361
tt0359950,The Secret Life of Walter Mitty,114,2013,"Adventure, Comedy, Drama, Fantasy, Romance",10/5/2013,7.3,54,PG,33223430
tt1413495,Paranoia,106,2013,"Drama, Thriller",8/8/2013,5.7,32,PG-13,5334926
tt0835418,The Babymakers,95,2012,Comedy,3/9/2012,5.0,30,R,5215
tt1641975,Citadel,84,2012,"Drama, Horror, Thriller",3/11/2012,5.5,60,R,10080
tt1655416,Mental,116,2012,"Comedy, Drama",8/18/2012,6.2,42,Not Rated,2202208
tt1435513,Hysteria,100,2011,"Comedy, Romance",9/15/2011,6.7,53,R,1700000
tt1742336,Your Sister's Sister,90,2011,"Comedy, Drama",9/11/2011,6.7,72,R,1041358
tt1606392,Win Win,106,2011,"Comedy, Drama, Sport",1/21/2011,7.2,75,R,10100000
tt1441326,Martha Marcy May Marlene,102,2011,"Drama, Mystery, Thriller",1/21/2011,6.9,75,R,2981038
tt1440161,A Little Bit of Heaven,106,2011,"Comedy, Drama, Fantasy, Romance",2/4/2011,6.3,14,PG-13,453167
tt1464580,Stake Land,98,2010,"Drama, Horror, Sci-Fi",9/17/2010,6.5,66,R,18469
tt1529572,Trust,106,2010,"Crime, Drama, Thriller",9/10/2010,6.9,60,R,117623
tt1423995,Stone,105,2010,"Drama, Thriller",9/10/2010,5.4,58,R,1796024
tt1440292,Submarine,97,2010,"Comedy, Drama, Romance",9/12/2010,7.3,76,R,400000
tt1742334,Sabotage,109,2014,"Action, Crime, Drama, Thriller",3/19/2014,5.7,41,R,8125131
tt2771372,Veronica Mars,107,2014,"Crime, Drama, Mystery, Thriller",3/8/2014,6.8,62,PG-13,2664765
tt1273678,The Spy Next Door,94,2010,"Action, Comedy, Family",1/15/2010,5.5,27,PG,24268828
tt0808510,Tooth Fairy,101,2010,"Comedy, Family, Fantasy, Sport",1/14/2010,5.0,36,PG,58565813
tt1666186,Vampires Suck,82,2010,Comedy,8/18/2010,3.4,18,PG-13,36300000
tt1032751,The Warrior's Way,100,2010,"Action, Fantasy, Western",12/1/2010,6.3,45,R,5664251
tt1464174,"Big Mommas: Like Father, Like Son",107,2011,"Action, Comedy, Crime",2/16/2011,4.4,22,PG-13,37911876
tt1604171,Prom,104,2011,"Comedy, Drama, Family, Romance",4/29/2011,5.4,50,PG,10106233
tt1449283,Winnie the Pooh,63,2011,"Animation, Adventure, Comedy, Family, Musical",4/6/2011,7.2,74,G,26687172
tt1767382,Silent House,86,2011,"Drama, Horror, Mystery, Thriller",1/21/2011,5.3,49,R,9921042
tt1630036,Courageous,129,2011,Drama,8/26/2011,7.1,42,PG-13,34522221
tt1517489,Spy Kids 4: All the Time in the World,89,2011,"Action, Adventure, Comedy, Family, Sci-Fi",8/18/2011,3.5,37,PG,38536376
tt1870529,Won't Back Down,121,2012,Drama,9/28/2012,6.5,42,PG,5308553
tt0455323,Being Flynn,102,2012,Drama,3/2/2012,6.4,53,R,526322
tt1867093,The Samaritan,90,2012,"Crime, Drama, Thriller",1/30/2012,5.6,37,R,1744
tt1649780,"Peace, Love & Misunderstanding",96,2011,"Comedy, Drama, Music, Romance",9/13/2011,5.9,45,R,539896
tt0466893,Margaret,150,2011,Drama,9/30/2011,6.5,61,R,46495
tt1748207,Sound of My Voice,85,2011,"Drama, Mystery, Sci-Fi, Thriller",1/24/2011,6.6,67,R,300000
tt1640548,Rampart,108,2011,"Crime, Drama",9/10/2011,5.8,70,R,969239
tt1483756,The Trouble with Bliss,97,2011,"Comedy, Drama",4/28/2011,5.4,38,PG-13,10911
tt1756799,The Day,87,2011,"Action, Drama, Horror, Sci-Fi, Thriller",9/16/2011,5.2,41,R,20502
tt1541160,Flypaper,87,2011,"Comedy, Crime, Mystery",1/28/2011,6.4,37,Not Rated,1098
tt1487118,Chalet Girl,97,2011,"Comedy, Romance, Sport",2/17/2011,6.3,42,R,1201
tt1530509,The Human Centipede II (Full Sequence),91,2011,"Drama, Horror",9/22/2011,3.8,17,Not Rated,122890
tt1667307,Damsels in Distress,99,2011,"Comedy, Drama, Romance",9/10/2011,5.7,67,PG-13,1007535
tt1323045,Frozen,93,2010,"Adventure, Drama, Sport, Thriller",1/24/2010,6.2,43,R,131395
tt1294688,Last Night,93,2010,"Drama, Romance",9/18/2010,6.6,50,R,100000
tt1296898,Waiting for Forever,95,2010,"Comedy, Drama, Romance",2/10/2010,6.0,26,PG-13,16291
tt1441912,The Way,123,2010,"Adventure, Comedy, Drama",9/10/2010,7.4,64,PG-13,4300000
tt1340773,Elektra Luxx,100,2010,"Comedy, Drama",3/14/2010,5.1,50,R,7308
tt1313092,Animal Kingdom,113,2010,"Crime, Drama",1/22/2010,7.3,83,R,1000000
tt1247667,High School,99,2010,Comedy,1/24/2010,5.8,31,R,100000
tt1213648,London Boulevard,103,2010,"Crime, Drama",11/26/2010,6.2,52,R,10484
tt0954947,The Killer Inside Me,109,2010,"Crime, Drama, Horror, Thriller",1/24/2010,6.1,53,R,200000
tt1182350,You Will Meet a Tall Dark Stranger,98,2010,"Comedy, Drama, Romance",5/15/2010,6.3,51,R,3200000
tt1415283,Nanny McPhee and the Big Bang,109,2010,"Comedy, Family, Fantasy",3/24/2010,6.1,52,PG,28995450
tt0493949,Ramona and Beezus,103,2010,"Adventure, Comedy, Family, Fantasy",7/23/2010,6.6,56,G,26161406
tt1650043,Diary of a Wimpy Kid: Rodrick Rules,99,2011,"Comedy, Family",3/17/2011,6.6,51,PG,52691009
tt1742650,I Don't Know How She Does It,89,2011,"Comedy, Romance",9/15/2011,4.9,38,PG-13,9500000
tt1633356,Shark Night 3D,90,2011,"Horror, Thriller",8/31/2011,4.0,22,PG-13,18872522
tt1710396,Joyful Noise,118,2012,"Comedy, Drama, Music",1/13/2012,5.8,44,PG-13,29000000
tt1815852,Nitro Circus: The Movie,92,2012,"Documentary, Action, Comedy",8/8/2012,6.7,43,PG-13,3376905
tt2005374,The Frozen Ground,105,2013,"Crime, Drama, Mystery, Thriller",7/11/2013,6.4,37,R,89515
tt2364841,Runner Runner,88,2013,"Crime, Thriller",9/18/2013,5.6,36,R,19316646
tt1684925,Wish You Were Here,89,2012,"Drama, Mystery",1/19/2012,5.9,60,R,803093
tt1603257,ATM,90,2012,"Horror, Thriller",2/17/2012,4.7,34,R,2034
tt1853643,Why Stop Now?,85,2012,"Comedy, Drama",1/27/2012,5.6,36,R,1641
tt1990181,Brake,92,2012,Thriller,3/23/2012,6.1,38,R,4330
tt1788391,Kill List,95,2011,"Crime, Drama, Horror, Thriller",3/12/2011,6.4,67,Not Rated,26297
tt1628055,Touchback,118,2011,"Drama, Family, Fantasy, Sport",9/28/2011,6.5,56,PG-13,204068
tt1477837,Cedar Rapids,87,2011,Comedy,1/23/2011,6.3,70,R,6800000
tt1623745,Little Birds,94,2011,Drama,1/23/2011,6.2,41,R,16590
tt1481572,Happythankyoumoreplease,100,2010,"Comedy, Drama, Romance",1/20/2010,6.8,45,R,215576
tt1421051,Somewhere,97,2010,"Comedy, Drama",9/3/2010,6.3,67,R,1768416
tt1235189,Wild Target,98,2010,"Action, Comedy, Crime",4/8/2010,6.8,41,PG-13,117190
tt1213012,Alpha and Omega,90,2010,"Animation, Adventure, Comedy, Family, Romance",9/8/2010,5.3,36,PG,25077977
tt1244659,Extraordinary Measures,106,2010,Drama,1/22/2010,6.5,45,PG,11854694
tt1392197,Marmaduke,87,2010,"Comedy, Family",5/27/2010,4.2,30,PG,33643461
tt0872230,My Soul to Take,107,2010,"Horror, Mystery, Thriller",10/7/2010,4.8,25,R,14637490
tt0844993,Hoodwinked Too! Hood vs. Evil,86,2011,"Animation, Comedy, Crime, Family, Mystery",4/23/2011,4.8,20,PG,10134754
tt2044729,A Glimpse Inside the Mind of Charles Swan III,86,2012,Comedy,11/15/2012,4.8,28,R,33786
tt1678051,Soldiers of Fortune,94,2012,"Action, Thriller",6/7/2012,4.3,19,R,38842
tt1710417,Lola Versus,87,2012,Comedy,4/24/2012,5.5,49,R,200000
tt1817676,Girl in Progress,93,2012,"Comedy, Drama",4/26/2012,5.6,45,PG-13,2600000
tt1181614,Wuthering Heights,129,2011,"Drama, Romance",9/6/2011,6.1,70,Not Rated,70665
tt1720182,October Baby,107,2011,Drama,10/28/2011,6.8,32,PG-13,5355847
tt1640459,Hobo with a Shotgun,86,2011,"Action, Comedy, Horror, Thriller",1/21/2011,6.1,55,Not Rated,117137
tt1486193,5 Days of War,113,2011,"Action, Drama, War",4/14/2011,5.6,31,R,17243
tt1535970,The Ledge,101,2011,"Drama, Romance, Thriller",1/21/2011,6.5,34,R,5176
tt1602098,Albert Nobbs,113,2011,"Drama, Romance",9/2/2011,6.7,57,R,3014541
tt1407084,Twelve,93,2010,"Action, Crime, Drama, Thriller",1/29/2010,5.7,22,R,181591
tt1405500,For Colored Girls,133,2010,Drama,11/5/2010,6.1,50,R,37714860
tt1407061,Just Wright,100,2010,"Comedy, Romance, Sport",5/4/2010,5.9,51,PG,21520719
tt1640484,Jumping the Broom,112,2011,"Comedy, Drama",5/6/2011,5.7,56,PG-13,37295394
tt2215285,Madea's Witness Protection,114,2012,"Comedy, Crime, Drama",6/29/2012,5.0,42,PG-13,65623128
tt1901040,Wrong,94,2012,"Comedy, Mystery",1/21/2012,6.3,58,Not Rated,28567
tt2194499,About Time,123,2013,"Comedy, Drama, Fantasy, Romance, Sci-Fi",6/27/2013,7.8,55,R,18472384
tt0884726,Legends of Oz: Dorothy's Return,88,2013,"Animation, Adventure, Family, Fantasy, Musical",6/14/2013,5.5,25,PG,6455823
tt1907731,Nobody Walks,83,2012,Drama,1/22/2012,5.3,51,R,24995
tt2347497,Silent Night,94,2012,"Comedy, Horror, Mystery, Thriller",11/30/2012,5.2,53,R,9672
tt1921070,Pusher,89,2012,"Crime, Thriller",6/21/2012,5.5,52,R,5040
tt1582248,Puncture,100,2011,"Biography, Drama",4/21/2011,6.9,54,R,67071
tt1680114,Snowtown,119,2011,"Biography, Crime, Drama, Horror",5/16/2011,6.6,66,NOT RATED,607110
tt1436559,"Love, Wedding, Marriage",90,2011,Comedy,6/3/2011,5.0,13,PG-13,1378
tt1433207,The Details,101,2011,"Comedy, Drama",1/31/2011,6.1,56,R,63595
tt1707392,Lovely Molly,99,2011,"Drama, Horror",9/14/2011,5.3,50,R,17977
tt1234654,Greenberg,107,2010,"Comedy, Drama, Romance",2/14/2010,6.1,76,R,2293918
tt1334553,The Perfect Host,93,2010,"Comedy, Crime, Thriller",1/31/2010,6.8,48,R,48289
tt1274300,The Tempest,110,2010,"Comedy, Drama, Fantasy, Romance",9/11/2010,5.4,43,PG-13,277515
tt1418377,"I, Frankenstein",92,2014,"Action, Fantasy, Horror, Sci-Fi, Thriller",1/20/2014,5.1,30,PG-13,15687400
tt1287468,Cats & Dogs: The Revenge of Kitty Galore,82,2010,"Action, Comedy, Family, Fantasy",7/29/2010,4.3,30,PG,43400000
tt0979434,Lottery Ticket,99,2010,Comedy,8/13/2010,5.0,50,PG-13,24708699
tt2215719,Katy Perry: Part of Me,93,2012,"Documentary, Music",6/26/2012,5.9,57,PG,25309910
tt1972571,A Most Wanted Man,122,2014,"Crime, Drama, Thriller",1/19/2014,6.8,73,R,14037964
tt2077851,Sleepwalk with Me,81,2012,Comedy,1/23/2012,6.8,71,PG-13,2263436
tt1714210,Weekend,97,2011,"Drama, Romance",3/11/2011,7.6,81,NOT RATED,317593
tt1691920,I Melt with You,122,2011,Drama,1/26/2011,6.0,26,R,4176
tt1554091,A Better Life,98,2011,"Drama, Romance",6/24/2011,7.2,64,PG-13,1754319
tt1570989,Tiny Furniture,98,2010,"Comedy, Drama, Romance",3/15/2010,6.2,72,Not Rated,389334
tt1423894,Barney's Version,134,2010,"Comedy, Drama",4/30/2010,7.3,67,R,7501404
tt1336617,Cyrus,91,2010,"Comedy, Drama, Romance",1/23/2010,6.3,74,R,7455447
tt2467046,Left Behind,110,2014,"Action, Drama, Fantasy, Mystery, Thriller",10/2/2014,3.1,12,PG-13,10649893
tt0455944,The Equalizer,132,2014,"Action, Crime, Thriller",9/7/2014,7.2,57,R,85212969
tt2357291,Rio 2,101,2014,"Animation, Adventure, Comedy, Family, Musical",3/20/2014,6.3,49,G,113691800
tt1391137,Why Did I Get Married Too?,121,2010,"Comedy, Drama, Romance",3/22/2010,4.6,43,PG-13,48520000
tt1411664,Bucky Larson: Born to Be a Star,97,2011,Comedy,5/27/2011,3.3,9,R,2331318
tt1222815,Chimpanzee,78,2012,Documentary,3/31/2012,7.2,57,G,28965459
tt1833844,Berberian Sound Studio,92,2012,"Drama, Horror, Thriller",6/28/2012,6.2,80,Not Rated,28602
tt2063666,Hello I Must Be Going,95,2012,"Comedy, Drama, Romance",1/19/2012,6.2,62,R,83814
tt1719071,Another Happy Day,119,2011,"Comedy, Drama",1/23/2011,6.0,46,R,8464
tt1657299,The Decoy Bride,89,2011,"Comedy, Drama, Romance",5/14/2011,6.2,42,PG,542
tt1707391,4:44 Last Day on Earth,82,2011,"Drama, Fantasy, Sci-Fi",9/7/2011,4.6,54,R,15738
tt1568337,Loosies,89,2011,"Comedy, Crime, Romance",11/9/2011,6.2,35,PG-13,3318
tt1498569,Restless,91,2011,"Drama, Romance",4/6/2011,6.8,47,PG-13,163141
tt1316622,Wrecked,91,2010,"Adventure, Drama, Mystery, Thriller",10/15/2010,5.3,61,R,4821
tt1396221,Passion Play,94,2010,"Drama, Fantasy, Romance",9/10/2010,4.8,22,R,2100
tt1320239,Burke and Hare,91,2010,"Comedy, Crime, History, Thriller",10/29/2010,6.2,46,R,947
tt1798243,Rudderless,105,2014,"Comedy, Drama, Music",1/24/2014,7.5,52,R,56001
tt1305583,Our Family Wedding,103,2010,"Comedy, Romance",3/12/2010,4.9,38,PG-13,18602225
tt1695994,The Virginity Hit,86,2010,Comedy,9/10/2010,4.6,40,R,535249
tt1629705,Blackthorn,102,2011,"Action, Adventure, Western",4/1/2011,6.6,61,R,131979
tt1533013,Beautiful Boy,100,2010,Drama,9/12/2010,6.6,62,R,77247
tt0775489,L'illusionniste,80,2010,"Animation, Drama",2/16/2010,7.5,82,PG,2200000
tt2692904,Locke,85,2013,Drama,9/2/2013,7.1,81,R,1326469
tt1013860,Dylan Dog: Dead of Night,107,2010,"Action, Comedy, Crime, Fantasy, Horror, Mystery, Sci-Fi, Thriller",3/16/2011,5.1,31,PG-13,856849
tt1547230,Judy Moody and the Not Bummer Summer,91,2011,"Comedy, Family",6/4/2011,4.2,37,PG,15000994
tt1985019,Austenland,97,2013,"Comedy, Romance",1/18/2013,6.3,42,PG-13,2155334
tt1967545,Labor Day,111,2013,"Drama, Romance",8/30/2013,6.9,52,PG-13,13362308
tt1407065,The Moth Diaries,82,2011,"Drama, Fantasy, Horror, Mystery",9/6/2011,5.0,38,R,3838
tt1486190,Tamara Drewe,107,2010,"Comedy, Drama, Romance",5/18/2010,6.2,64,R,560101
tt1431181,Another Year,129,2010,"Comedy, Drama",5/15/2010,7.3,80,PG-13,3200000
tt1462901,All Is Bright,107,2013,"Comedy, Drama",4/18/2013,5.6,54,R,4556
tt1730687,Darling Companion,103,2012,"Comedy, Drama, Romance",1/26/2012,5.1,41,PG-13,793352
tt1196340,Inhale,83,2010,"Drama, Thriller",8/27/2010,6.6,39,R,3030
tt1518812,Meek's Cutoff,104,2010,"Drama, Western",9/5/2010,6.6,85,PG,977600
tt1125929,Love Ranch,117,2010,"Biography, Comedy, Drama, Romance, Sport",6/30/2010,5.7,37,R,134904
tt1092634,Shanghai,105,2010,"Drama, Mystery, Romance, Thriller",6/10/2010,6.4,36,R,44689
tt1278379,Jack Goes Boating,91,2010,"Drama, Romance",1/23/2010,6.4,64,R,300000
tt1600524,Les amours imaginaires,101,2010,"Drama, Romance",5/16/2010,7.2,70,Not Rated,60991
tt1233192,Brighton Rock,111,2010,"Crime, Drama, Thriller",9/13/2010,5.8,57,R,223887
tt1563704,Legendary,107,2010,"Drama, Sport",9/9/2010,6.2,39,PG-13,191875
tt1196134,Crazy on the Outside,96,2010,"Comedy, Crime",1/8/2010,5.6,21,PG-13,64438
tt1826590,About Last Night,100,2014,"Comedy, Romance",2/14/2014,6.1,62,R,39477140
tt1043726,The Legend of Hercules,99,2014,"Action, Adventure, Fantasy",1/8/2014,4.2,22,PG-13,14739982
tt1686018,Creature,93,2011,Horror,9/9/2011,3.7,31,R,327000
tt1560139,Boy,87,2010,"Comedy, Drama",1/22/2010,7.5,70,Not Rated,242008
tt1270835,Hatchet II,85,2010,"Comedy, Horror, Thriller",8/26/2010,5.5,49,R,52604
tt1408253,Ride Along,99,2014,"Action, Comedy, Crime",1/17/2014,6.2,41,PG-13,110374905
tt1291570,Solace,101,2015,"Crime, Drama, Mystery, Thriller",9/3/2015,6.4,36,R,403050
tt2639254,A Little Chaos,112,2014,"Drama, Romance",9/13/2014,6.5,51,R,551609
tt2359137,Last Ounce of Courage,101,2012,"Drama, War",9/11/2012,4.0,11,PG,3310439
tt2366450,Stories We Tell,108,2012,Documentary,8/30/2012,7.6,91,PG-13,1599038
tt1273241,Brotherhood,76,2010,"Crime, Drama, Thriller",3/13/2010,6.4,52,R,16632
tt2828996,A Haunted House 2,86,2014,"Comedy, Fantasy",4/18/2014,4.7,17,R,13710572
tt2465140,The Single Moms Club,111,2014,"Comedy, Drama",3/14/2014,5.3,31,PG-13,15986272
tt2381111,Brooklyn,117,2015,"Drama, Romance",1/26/2015,7.5,88,PG-13,30459009
tt1520498,The Oogieloves in the Big Balloon Adventure,88,2012,"Adventure, Family, Fantasy, Musical",8/29/2012,6.0,32,G,1064277
tt2187884,Escape from Tomorrow,90,2013,"Drama, Fantasy, Horror, Sci-Fi",1/18/2013,5.2,58,Not Rated,169719
tt1650393,C.O.G.,88,2013,"Comedy, Drama",1/20/2013,5.6,60,R,55301
tt1517260,The Host,125,2013,"Action, Adventure, Drama, Romance, Sci-Fi, Thriller",3/22/2013,5.9,35,PG-13,26609448
tt1981677,Pitch Perfect,112,2012,"Comedy, Music, Romance",9/28/2012,7.2,66,PG-13,61100000
tt1045658,Silver Linings Playbook,122,2012,"Comedy, Drama, Romance",9/8/2012,7.7,81,R,132088910
tt1343092,The Great Gatsby,143,2013,"Drama, Romance",5/1/2013,7.3,55,PG-13,144812796
tt1707386,Les Misrables,158,2012,"Drama, History, Musical, Romance, War",12/5/2012,7.6,63,PG-13,148775460
tt1659337,The Perks of Being a Wallflower,103,2012,Drama,9/8/2012,8.0,67,PG-13,14900000
tt1595656,To the Wonder,112,2012,"Drama, Romance",9/2/2012,5.9,58,R,500000
tt1702439,Safe Haven,115,2013,"Drama, Romance, Thriller",2/13/2013,6.7,34,PG-13,71100000
tt1588173,Warm Bodies,98,2013,"Comedy, Horror, Romance",1/16/2013,6.9,60,PG-13,65000000
tt1336608,Rock of Ages,123,2012,"Comedy, Drama, Musical, Romance",6/13/2012,5.9,47,PG-13,38509342
tt1673434,The Twilight Saga: Breaking Dawn - Part 2,115,2012,"Adventure, Drama, Fantasy, Romance",11/12/2012,5.5,52,PG-13,292298923
tt1570728,"Crazy, Stupid, Love.",118,2011,"Comedy, Drama, Romance",7/19/2011,7.4,68,PG-13,83300000
tt1478338,Bridesmaids,125,2011,"Comedy, Romance",4/28/2011,6.8,75,R,166500000
tt1965065,Save the Date,97,2012,"Comedy, Romance",1/22/2012,5.8,54,R,3755
tt1748122,Moonrise Kingdom,94,2012,"Adventure, Comedy, Drama, Romance",5/16/2012,7.8,84,PG-13,45507865
tt1538403,The Mortal Instruments: City of Bones,130,2013,"Action, Fantasy, Horror, Mystery, Romance",8/12/2013,5.9,33,PG-13,31165421
tt0398286,Tangled,100,2010,"Animation, Adventure, Comedy, Family, Fantasy, Musical, Romance",11/24/2010,7.8,71,PG,200803309
tt1920849,Bachelorette,87,2012,"Comedy, Romance",1/23/2012,5.3,53,R,400000
tt1120985,Blue Valentine,112,2010,"Drama, Romance",1/24/2010,7.4,81,R,9600000
tt1540128,Playing for Keeps,105,2012,"Comedy, Romance, Sport",12/5/2012,5.7,27,PG-13,13099786
tt1840309,Divergent,139,2014,"Action, Adventure, Mystery, Sci-Fi",3/18/2014,6.7,48,PG-13,129520735
tt1814621,Admission,107,2013,"Comedy, Drama, Romance",3/22/2013,5.7,48,PG-13,18000000
tt1195478,The Five-Year Engagement,124,2012,"Comedy, Romance",4/18/2012,6.2,62,R,28644770
tt1632708,Friends with Benefits,109,2011,"Comedy, Romance",7/18/2011,6.6,63,R,55802754
tt1596350,This Means War,103,2012,"Action, Comedy, Romance",1/30/2012,6.3,31,PG-13,54758461
tt1126591,Burlesque,119,2010,"Drama, Music, Musical, Romance",11/24/2010,6.4,47,PG-13,39440655
tt0446029,Scott Pilgrim vs. the World,112,2010,"Action, Comedy, Fantasy, Romance",7/27/2010,7.5,69,PG-13,31494270
tt1862079,Safety Not Guaranteed,86,2012,"Comedy, Drama, Romance",1/22/2012,7.0,72,R,4007792
tt1606389,The Vow,104,2012,"Drama, Romance",2/6/2012,6.8,43,PG-13,125014030
tt1282140,Easy A,92,2010,"Comedy, Drama, Romance",9/11/2010,7.1,72,PG-13,58401464
tt1605783,Midnight in Paris,94,2011,"Comedy, Fantasy, Romance",5/11/2011,7.7,81,PG-13,55400000
tt1840417,The Words,102,2012,"Drama, Mystery, Romance, Thriller",1/27/2012,7.1,37,PG-13,11434867
tt1564367,Just Go with It,117,2011,"Comedy, Romance",2/8/2011,6.4,33,PG-13,103028109
tt1586265,What to Expect When You're Expecting,110,2012,"Comedy, Drama, Romance",5/17/2012,5.7,41,PG-13,41102171
tt1866249,The Sessions,95,2012,"Biography, Comedy, Drama, Romance",1/23/2012,7.2,79,R,5997134
tt1385826,The Adjustment Bureau,106,2011,"Romance, Sci-Fi, Thriller",2/14/2011,7.1,60,PG-13,62453315
tt1324999,The Twilight Saga: Breaking Dawn - Part 1,117,2011,"Adventure, Drama, Fantasy, Romance",10/30/2011,4.9,45,PG-13,281267663
tt1763303,The First Time,95,2012,"Comedy, Drama, Romance",1/21/2012,6.9,55,PG-13,17061
tt1374992,Upside Down,109,2012,"Drama, Fantasy, Romance, Sci-Fi",8/22/2012,6.4,45,PG-13,69311
tt1055292,Life as We Know It,114,2010,"Comedy, Drama, Romance",10/2/2010,6.6,39,PG-13,53358964
tt0480687,Hall Pass,105,2011,"Comedy, Romance",2/23/2011,5.9,45,R,45045037
tt1800741,Step Up Revolution,99,2012,"Drama, Music, Romance",7/26/2012,6.5,43,PG-13,35057332
tt1403981,Remember Me,113,2010,"Drama, Romance",3/1/2010,7.1,40,PG-13,18242661
tt1509767,The Three Musketeers,110,2011,"Action, Adventure, Romance",9/1/2011,5.8,35,PG-13,20356913
tt1307068,Seeking a Friend for the End of the World,101,2012,"Adventure, Comedy, Drama, Romance, Sci-Fi",6/18/2012,6.7,59,R,7100000
tt1839492,Ruby Sparks,104,2012,"Comedy, Drama, Fantasy, Romance",7/25/2012,7.2,67,R,2535819
tt0815236,She's Out of My League,104,2010,"Comedy, Romance",3/11/2010,6.4,46,R,28712974
tt2053425,De rouille et d'os,120,2012,"Drama, Romance",5/17/2012,7.5,73,R,1900000
tt2244901,I Give It a Year,97,2013,"Comedy, Romance",1/15/2013,5.7,50,R,5851913
tt1621045,Think Like a Man,122,2012,"Comedy, Romance",2/10/2012,6.6,51,PG-13,91547205
tt0758752,Love & Other Drugs,112,2010,"Comedy, Drama, Romance",11/4/2010,6.7,55,R,33299999
tt1645131,Romeo & Juliet,113,2013,"Drama, Romance",9/24/2013,5.8,41,PG-13,1161089
tt2097307,Hit and Run,100,2012,"Action, Comedy, Romance",8/2/2012,6.1,50,R,13600000
tt0473075,Prince of Persia: The Sands of Time,116,2010,"Action, Adventure, Fantasy, History, Romance, Sci-Fi",5/9/2010,6.6,50,PG-13,90755643
tt1602620,Amour,127,2012,"Drama, Romance",5/20/2012,7.9,94,PG-13,6700000
tt1458175,The Next Three Days,133,2010,"Action, Crime, Drama, Romance, Thriller",11/9/2010,7.4,52,PG-13,21100000
tt1535438,Hope Springs,100,2012,"Comedy, Drama, Romance",8/6/2012,6.3,65,PG-13,63300000
tt1325004,The Twilight Saga: Eclipse,124,2010,"Adventure, Drama, Fantasy, Romance",6/30/2010,5.0,58,PG-13,300523113
tt1598822,New Year's Eve,113,2011,"Comedy, Romance",12/5/2011,5.7,22,PG-13,54538013
tt1655442,The Artist,100,2011,"Comedy, Drama, Romance",5/15/2011,7.9,89,PG-13,44667095
tt1715873,10 Years,100,2011,"Comedy, Drama, Romance",9/12/2011,6.1,61,PG-13,201146
tt1563738,One Day,107,2011,"Drama, Romance",8/8/2011,7.0,48,PG-13,13766014
tt1854236,Den skaldede frisr,116,2012,"Comedy, Drama, Romance",9/2/2012,6.5,60,R,1631306
tt1341188,How Do You Know,121,2010,"Comedy, Drama, Romance",12/13/2010,5.4,46,PG-13,30212620
tt1859650,To Rome with Love,112,2012,"Comedy, Music, Romance",4/20/2012,6.3,54,R,16500000
tt1279935,Date Night,88,2010,"Comedy, Crime, Romance, Thriller",4/6/2010,6.3,56,PG-13,98710290
tt0491152,Something Borrowed,112,2011,"Comedy, Drama, Romance",4/20/2011,5.9,36,PG-13,39000000
tt0804497,It's Kind of a Funny Story,101,2010,"Comedy, Drama, Romance",9/26/2010,7.1,63,PG-13,6350058
tt1193631,Step Up 3D,107,2010,"Drama, Music, Romance",8/4/2010,6.2,45,PG-13,42385520
tt0989757,Dear John,108,2010,"Drama, Romance, War",1/24/2010,6.3,43,PG-13,79600000
tt1243957,The Tourist,103,2010,"Action, Adventure, Thriller",12/6/2010,6.0,37,PG-13,67631157
tt1313139,The Oranges,90,2011,"Comedy, Drama, Romance",9/10/2011,5.9,46,R,261662
tt1212436,The Back-up Plan,104,2010,"Comedy, Romance",4/23/2010,5.4,34,PG-13,37481242
tt1334260,Never Let Me Go,103,2010,"Drama, Romance, Sci-Fi",9/3/2010,7.2,69,R,2412045
tt1438254,Charlie St. Cloud,99,2010,"Drama, Fantasy, Romance",7/30/2010,6.5,37,PG-13,31136950
tt0376136,The Rum Diary,119,2011,"Comedy, Drama",10/13/2011,6.2,56,R,13000000
tt0817230,Valentine's Day,125,2010,"Comedy, Romance",2/5/2010,5.7,34,PG-13,110500000
tt1222817,Zookeeper,102,2011,"Comedy, Family, Romance",7/6/2011,5.2,30,PG,80360866
tt0889573,The Switch,101,2010,"Comedy, Drama, Romance",8/16/2010,6.1,52,PG-13,27400000
tt0770703,What's Your Number?,106,2011,"Comedy, Romance",9/19/2011,6.1,35,R,14008193
tt0810922,Take Me Home Tonight,97,2011,"Comedy, Drama, Romance",3/2/2011,6.3,42,R,6923891
tt0879870,Eat Pray Love,133,2010,"Drama, Romance",8/13/2010,5.8,50,PG-13,80574010
tt1414382,You Again,105,2010,"Comedy, Family, Romance",9/23/2010,5.8,28,PG,25677801
tt0377981,Gnomeo & Juliet,84,2011,"Animation, Adventure, Comedy, Family, Romance",1/23/2011,6.0,53,G,99808609
tt1261945,Sex and the City 2,146,2010,"Comedy, Drama, Romance",5/27/2010,4.4,27,R,95328937
tt1645080,The Art of Getting By,83,2011,"Drama, Romance",1/23/2011,6.6,36,PG-13,1429260
tt1152398,Beastly,86,2011,"Drama, Fantasy, Romance",3/3/2011,5.6,40,PG-13,27854896
tt1559547,Beautiful Creatures,124,2013,"Drama, Fantasy, Romance",1/19/2013,6.2,52,PG-13,19445217
tt1392170,The Hunger Games,142,2012,"Action, Adventure, Sci-Fi, Thriller",3/12/2012,7.2,68,PG-13,407981652
tt0458339,Captain America: The First Avenger,124,2011,"Action, Adventure, Sci-Fi",7/19/2011,6.9,66,PG-13,176636816
tt0800369,Thor,115,2011,"Action, Adventure, Fantasy, Sci-Fi",4/17/2011,7.0,57,PG-13,181015141
tt1399103,Transformers: Dark of the Moon,154,2011,"Action, Adventure, Sci-Fi",6/23/2011,6.3,42,PG-13,352358779
tt1229238,Mission: Impossible - Ghost Protocol,132,2011,"Action, Adventure, Thriller",12/7/2011,7.4,73,PG-13,209364921
tt1291584,Warrior,140,2011,"Drama, Sport",9/9/2011,8.2,71,PG-13,13600000
tt1650062,Super 8,112,2011,"Mystery, Sci-Fi, Thriller",6/9/2011,7.0,72,PG-13,126975169
tt0970179,Hugo,126,2011,"Adventure, Drama, Family, Fantasy, Mystery, Romance",10/10/2011,7.5,83,PG,73820094
tt1403865,True Grit,110,2010,"Adventure, Drama, Western",12/14/2010,7.6,80,PG-13,171031347
tt1189340,The Lincoln Lawyer,118,2011,"Crime, Drama, Thriller",3/10/2011,7.3,63,R,57900000
tt1192628,Rango,107,2011,"Animation, Adventure, Comedy, Family, Western",2/14/2011,7.2,75,PG,123188232
tt1600195,Abduction,106,2011,"Action, Mystery, Thriller",8/23/2011,5.1,25,PG-13,27600000
tt0983193,The Adventures of Tintin,107,2011,"Animation, Action, Adventure, Family, Mystery",10/23/2011,7.3,68,PG,75300000
tt0816462,Conan the Barbarian,113,2011,"Action, Adventure, Fantasy",8/11/2011,5.2,36,R,21300000
tt1656190,Safe,94,2012,"Action, Crime, Thriller",4/16/2012,6.5,55,R,17120019
tt1971352,Compliance,90,2012,"Biography, Crime, Drama, Horror, Thriller",1/21/2012,6.4,68,R,318622
tt2105044,V/H/S,116,2012,"Horror, Thriller",1/22/2012,5.8,55,R,68296
tt1615147,Margin Call,107,2011,"Drama, Thriller",1/25/2011,7.1,76,R,600000
tt1456635,Goon,92,2011,"Comedy, Sport",9/10/2011,6.8,64,R,840657
tt1341167,Four Lions,97,2010,"Comedy, Crime, Drama",1/23/2010,7.3,68,R,308769
tt1625346,Young Adult,94,2011,"Comedy, Drama",12/9/2011,6.3,71,R,16295033
tt1683526,Detachment,98,2011,Drama,4/25/2011,7.7,52,Not Rated,48868
tt1588334,"Jeff, Who Lives at Home",83,2011,"Comedy, Drama",9/14/2011,6.5,60,R,4244155
tt1126618,Morning Glory,107,2010,"Comedy, Drama, Romance",11/10/2010,6.5,57,PG-13,30982329
tt1912398,God Bless America,105,2011,"Adventure, Comedy, Crime, Drama, Thriller",9/9/2011,7.2,56,R,77301
tt1680045,360,110,2011,"Drama, Thriller",9/9/2011,6.2,43,R,49328
tt1470827,Monsters,94,2010,"Drama, Sci-Fi, Thriller",3/13/2010,6.4,63,R,237301
tt1778304,Paranormal Activity 3,83,2011,"Horror, Mystery, Thriller",10/14/2011,5.8,59,R,103993239
tt1560985,The Devil Inside,83,2012,Horror,1/5/2012,4.2,18,R,53245055
tt1592281,Take This Waltz,116,2011,"Comedy, Drama",9/10/2011,6.6,68,R,1100000
tt1703148,The Hunter,102,2011,"Adventure, Drama, Thriller",9/9/2011,6.8,63,R,176432
tt1231586,A Good Old Fashioned Orgy,95,2011,"Comedy, Romance",4/29/2011,6.2,44,R,117564
tt1440732,Bel Ami,102,2012,"Drama, History, Romance",2/17/2012,5.4,42,R,803761
tt1181791,Black Death,102,2010,"Action, Adventure, Drama, History, Horror, Mystery",5/26/2010,6.4,71,R,22045
tt1769363,The Giant Mechanical Man,95,2012,"Comedy, Drama, Romance",4/27/2012,6.7,43,PG-13,5360
tt1839654,The Magic of Belle Isle,109,2012,"Comedy, Drama",4/29/2012,7.0,46,PG,66433
tt1700844,The Deep Blue Sea,98,2011,"Drama, Romance",9/11/2011,6.3,82,R,1124786
tt0935075,Rabbit Hole,91,2010,Drama,9/13/2010,7.0,76,PG-13,2221809
tt1531663,Everything Must Go,97,2010,"Comedy, Drama",9/10/2010,6.4,65,R,2711210
tt1602472,2 Days in New York,96,2012,"Comedy, Drama, Romance",1/23/2012,6.0,61,R,500000
tt0893412,From Prada to Nada,107,2011,"Comedy, Drama, Romance",1/18/2011,5.6,39,PG-13,3016244
tt1612774,Rubber,82,2010,"Comedy, Fantasy, Horror",5/15/2010,5.8,59,R,100000
tt1720616,Friends with Kids,107,2011,"Comedy, Drama, Romance",9/9/2011,6.1,55,R,5600000
tt1068242,Footloose,113,2011,"Comedy, Drama, Music, Romance",10/6/2011,5.9,58,PG-13,51780537
tt1598828,One for the Money,91,2012,"Action, Comedy, Crime, Romance, Thriller",1/26/2012,5.3,22,PG-13,26100000
tt1175709,All Good Things,101,2010,"Crime, Drama, Mystery, Romance, Thriller",11/5/2010,6.3,57,R,578382
tt1758692,Like Crazy,86,2011,"Drama, Romance",1/22/2011,6.7,68,PG-13,3388210
tt1411238,No Strings Attached,108,2011,"Comedy, Romance",1/11/2011,6.2,50,R,70300000
tt1588170,Ang-ma-reul bo-at-da,142,2010,"Action, Drama, Horror, Thriller",8/12/2010,7.8,67,Not Rated,128392
tt1614989,Hodejegerne,96,2011,"Crime, Drama, Thriller",8/4/2011,7.6,72,R,794849
tt1885265,Good Deeds,110,2012,"Comedy, Drama, Romance",2/14/2012,5.5,43,PG-13,35010192
tt1855401,Tim and Eric's Billion Dollar Movie,93,2012,Comedy,1/20/2012,5.4,40,R,145778
tt1204340,Tyrannosaur,92,2011,Drama,1/21/2011,7.6,65,NOT RATED,22088
tt1452628,Vanishing on 7th Street,92,2010,"Horror, Mystery, Thriller",9/12/2010,4.9,50,R,22197
tt1403988,The Romantics,95,2010,"Comedy, Drama, Romance",1/24/2010,5.1,43,PG-13,100000
tt1220888,Henry's Crime,108,2010,"Comedy, Crime, Drama, Romance",9/14/2010,6.0,49,R,100000
tt1787759,Madea's Big Happy Family,106,2011,"Comedy, Drama",4/22/2011,4.7,45,PG-13,53311948
tt1183923,Welcome to the Rileys,110,2010,Drama,1/23/2010,7.0,50,R,152857
tt1582271,The Good Doctor,91,2011,"Drama, Thriller",4/22/2011,5.5,52,PG-13,3180
tt1605777,La femme du Vme,84,2011,"Drama, Mystery, Thriller",9/11/2011,5.4,57,R,112498
tt1356864,I'm Still Here,108,2010,"Comedy, Drama, Music",9/6/2010,6.2,48,R,408719
tt1534085,Beyond the Black Rainbow,110,2010,"Horror, Sci-Fi, Thriller",12/3/2010,6.0,49,R,56129
tt2011953,Keep the Lights On,101,2012,"Drama, Romance",1/20/2012,6.3,79,Not Rated,243536
tt1462054,Letters to God,110,2010,"Drama, Family",4/9/2010,6.3,31,PG,1121000
tt1758575,Blue Like Jazz,108,2012,"Comedy, Drama",3/13/2012,5.9,48,PG-13,594904
tt1555149,Tropa de Elite 2: O Inimigo Agora  Outro,115,2010,"Action, Crime, Drama, Thriller",10/8/2010,8.1,71,Not Rated,100119
tt2011971,Monsieur Lazhar,94,2011,"Comedy, Drama",8/8/2011,7.5,82,PG-13,2009041
tt0850677,Jack & Diane,110,2012,"Drama, Horror, Romance",4/20/2012,4.5,45,R,1041
tt1613062,The Music Never Stopped,105,2011,"Drama, Music",1/20/2011,7.6,60,PG,258077
tt1728196,Ichimei,128,2011,Drama,5/19/2011,7.4,76,NOT RATED,60201
tt1646974,Le nom des gens,100,2010,"Comedy, Drama, Romance",5/13/2010,7.2,62,R,513836
tt1278449,Sound of Noise,102,2010,"Comedy, Crime, Music, Romance, Thriller",5/18/2010,7.2,72,R,24376
tt1650453,Kiseki,128,2011,Drama,6/11/2011,7.4,80,PG,145697
tt1303803,Standing Ovation,105,2010,Musical,7/16/2010,3.4,22,PG,531806
tt1285016,The Social Network,120,2010,"Biography, Drama",9/24/2010,7.7,95,PG-13,96400000
tt1675434,Intouchables,112,2011,"Biography, Comedy, Drama",9/23/2011,8.5,57,R,13179837
tt0975645,Hitchcock,98,2012,"Biography, Comedy, Drama, Romance",11/1/2012,6.8,55,PG-13,6002708
tt1210166,Moneyball,133,2011,"Biography, Drama, Sport",9/9/2011,7.6,87,PG-13,75605492
tt1655420,My Week with Marilyn,99,2011,"Biography, Drama",10/9/2011,7.0,65,R,12600000
tt1979320,Rush,123,2013,"Action, Biography, Drama, Sport",9/2/2013,8.1,75,R,22442876
tt1542344,127 Hours,94,2010,"Adventure, Biography, Drama, Thriller",9/4/2010,7.6,82,R,18329466
tt0964517,The Fighter,116,2010,"Biography, Drama, Sport",12/6/2010,7.8,79,R,93571803
tt0993846,The Wolf of Wall Street,180,2013,"Biography, Crime, Drama",12/17/2013,8.2,75,R,91330760
tt1426329,Lovelace,93,2013,"Biography, Drama",1/22/2013,6.2,51,R,300000
tt1571222,A Dangerous Method,99,2011,"Biography, Drama, Romance, Thriller",9/2/2011,6.4,76,R,5702083
tt1596346,Soul Surfer,112,2011,"Biography, Drama, Family, Sport",4/8/2011,7.1,53,PG,43853424
tt2357129,Jobs,128,2013,"Biography, Drama",1/25/2013,5.9,44,PG-13,16117443
tt1951216,The Look of Love,101,2013,"Biography, Comedy, Drama",1/19/2013,6.0,57,NOT RATED,217933
tt1673697,The Sapphires,103,2012,"Biography, Comedy, Drama, Music, Romance",5/19/2012,7.0,67,PG-13,2400000
tt1586752,Machine Gun Preacher,129,2011,"Action, Biography, Crime, Drama",9/11/2011,6.8,43,R,400000
tt1416801,Kill the Irishman,106,2011,"Biography, Crime, Drama",3/11/2011,7.1,50,R,1187711
tt1311071,Kill Your Darlings,104,2013,"Biography, Drama, Romance, Thriller",1/18/2013,6.5,65,R,679958
tt0977855,Fair Game,108,2010,"Biography, Drama, Thriller",5/20/2010,6.8,69,PG-13,9528092
tt1017451,The Runaways,106,2010,"Biography, Drama, Music",1/24/2010,6.6,65,R,3600000
tt1244754,Conviction,107,2010,"Biography, Crime, Drama",9/11/2010,7.2,61,R,6783129
tt1535109,Captain Phillips,134,2013,"Biography, Drama, Thriller",9/27/2013,7.8,83,PG-13,107100855
tt1194417,Casino Jack,108,2010,"Biography, Comedy, Crime, Drama",9/16/2010,6.2,51,R,1039869
tt1049402,Howl,84,2010,"Biography, Drama, Romance",1/21/2010,6.8,63,R,617334
tt1270262,The Devil's Double,109,2011,"Biography, Drama, Thriller",1/22/2011,7.1,52,R,1357042
tt0896872,The Whistleblower,112,2010,"Action, Biography, Crime, Drama, Thriller",9/13/2010,7.2,59,R,900000
tt1316616,There Be Dragons,122,2011,"Biography, Drama, War",3/25/2011,5.8,33,PG-13,1065439
tt2125608,Searching for Sugar Man,86,2012,"Documentary, Biography, Music",1/19/2012,8.2,79,PG-13,3100000
tt1966604,The Imposter,99,2012,"Documentary, Biography, Crime",1/23/2012,7.5,77,R,700000
tt1424432,Senna,106,2010,"Documentary, Biography, Sport",10/7/2010,8.6,79,PG-13,1602460
tt0804463,Devil's Knot,114,2013,"Biography, Crime, Drama, Thriller",9/8/2013,6.1,42,Not Rated,122892
tt1183919,Marley,144,2012,"Documentary, Biography, Music",2/12/2012,8.0,82,PG-13,1412124
tt2095649,Grace of Monaco,103,2014,"Biography, Drama, Romance",5/14/2014,5.7,21,Not Rated,640122
tt1579361,Chasing Ice,75,2012,"Documentary, Biography",1/23/2012,7.8,75,PG-13,1309997
tt1758595,Diana,113,2013,"Biography, Drama, Romance",9/5/2013,5.5,35,PG-13,1049915
tt1781827,Hands of Stone,111,2016,"Action, Biography, Drama, Sport",5/16/2016,6.6,54,R,4711216
tt1568334,The Tillman Story,94,2010,"Documentary, Biography, Mystery, War",1/23/2010,7.8,86,R,798940
tt1605803,The Last Ride,102,2011,"Biography, Drama, Music",4/28/2011,5.8,45,PG-13,16270
tt1621444,Bill Cunningham New York,84,2010,"Documentary, Biography, History",3/24/2010,7.9,76,NOT RATED,1510026
tt2120779,Jason Becker: Not Dead Yet,87,2012,"Documentary, Biography, Music",3/3/2012,8.1,70,NOT RATED,794
tt1391092,Marwencol,83,2010,"Documentary, Biography, Fantasy",3/12/2010,7.6,82,Not Rated,112036
tt1509276,The Wildest Dream,94,2010,"Documentary, Adventure, Biography",1/9/2010,7.3,57,PG,873594
tt0790663,The First Grader,103,2010,"Biography, Drama, Romance",9/4/2010,7.5,56,PG-13,332306
tt1623008,The Arbor,94,2010,"Documentary, Biography, Drama",4/25/2010,7.2,88,UNRATED,21268
tt1787797,Sing Your Song,103,2011,"Documentary, Biography, Music",1/31/2011,7.4,73,Not Rated,47718
tt1626811,Cameraman: The Life and Work of Jack Cardiff,86,2010,"Documentary, Biography",5/5/2010,7.8,71,NOT RATED,20019
tt1524095,Bhutto,111,2010,"Documentary, Biography",1/21/2010,7.8,68,UNRATED,100009
tt1568150,Joan Rivers: A Piece of Work,84,2010,"Documentary, Biography, Comedy, Drama",1/25/2010,7.4,79,R,2927972
tt1972646,Eames: The Architect & The Painter,85,2011,"Documentary, Biography",11/11/2011,7.2,63,NOT RATED,147591
tt1737122,Carol Channing: Larger Than Life,87,2012,"Documentary, Biography, Comedy, Music",1/20/2012,7.6,67,PG,15547
tt1024648,Argo,120,2012,"Biography, Drama, Thriller",8/31/2012,7.7,86,R,136019448
tt1790885,Zero Dark Thirty,157,2012,"Drama, Thriller",12/10/2012,7.4,95,R,95720716
tt0485985,Red Tails,125,2012,"Action, Adventure, Drama, History, War",1/20/2012,5.9,46,PG-13,49500000
tt1023114,The Way Back,133,2010,"Adventure, Drama, History",9/3/2010,7.3,66,PG-13,2500000
tt1536048,W.E.,119,2011,"Drama, History, Romance",9/1/2011,6.3,37,R,582075
tt1521197,Anonymous,130,2011,"Drama, Thriller",9/11/2011,6.9,50,PG-13,4463292
tt1028576,Secretariat,123,2010,"Biography, Drama, Family, History, Sport",9/30/2010,7.2,61,PG,59699513
tt1389127,Texas Killing Fields,105,2011,"Crime, Drama, History, Thriller",9/9/2011,5.7,49,R,45282
tt1566501,For Greater Glory: The True Story of Cristiada,145,2012,"Drama, History, War",4/20/2012,6.6,35,R,5669081
tt1276419,En kongelig affre,137,2012,"Biography, Drama, History, Romance",2/16/2012,7.6,73,R,1545726
tt1515208,Walking with the Enemy,124,2013,"Action, Drama, History, Romance, War",10/13/2013,6.3,44,PG-13,357000
tt1020558,Centurion,97,2010,"Action, Adventure, Drama, History, Thriller, War",2/15/2010,6.4,62,R,122288
tt0968264,The Conspirator,122,2010,"Crime, Drama, History",9/11/2010,6.9,55,PG-13,11538204
tt0443272,Lincoln,150,2012,"Biography, Drama, History, War",10/8/2012,7.4,86,PG-13,129477447
tt1504320,The King's Speech,118,2010,"Biography, Drama, History",9/6/2010,8.0,88,R,138300000
tt1616195,J. Edgar,137,2011,"Biography, Crime, Drama, History, Romance",11/3/2011,6.6,59,R,37304451
tt1477855,Hyde Park on Hudson,94,2012,"Biography, Comedy, Drama, History",8/31/2012,5.9,55,R,6367780
tt1007029,The Iron Lady,105,2011,"Biography, Drama",12/26/2011,6.4,54,PG-13,29959436
tt1371155,Made in Dagenham,113,2010,"Biography, Comedy, Drama, History",9/11/2010,7.2,65,R,1094798
tt1143896,Holy Rollers,89,2010,"Biography, Crime, Drama, History",1/25/2010,5.9,51,R,302886
tt2073029,Marina Abramovic: The Artist Is Present,106,2012,"Documentary, Biography, History",1/20/2012,7.9,74,Not Rated,40344
tt1787725,If a Tree Falls: A Story of the Earth Liberation Front,85,2011,"Documentary, Biography, Crime, Drama, History, News, Thriller",1/31/2011,7.2,65,UNRATED,61153
tt1438216,Oranges and Sunshine,105,2010,"Drama, History",10/8/2010,7.1,60,R,2017976
tt2103264,Emperor,105,2012,"Drama, History, War",9/14/2012,6.5,48,PG-13,3345315
tt1541995,Snow Flower and the Secret Fan,104,2011,"Drama, History",6/24/2011,6.1,42,PG-13,1346503
tt1324055,Mlyn i krzyz,92,2011,"Drama, History",1/23/2011,6.9,80,Not Rated,185261
tt1597089,Phil Ochs: There But for Fortune,96,2010,"Documentary, Biography, History, Music",10/1/2010,7.6,72,UNRATED,259362
tt1392190,Mad Max: Fury Road,120,2015,"Action, Adventure, Sci-Fi, Thriller",5/7/2015,8.1,90,R,129483877
tt0478970,Ant-Man,117,2015,"Action, Adventure, Comedy, Sci-Fi",6/29/2015,7.3,64,PG-13,138002223
tt1289401,Ghostbusters,116,2016,"Action, Comedy, Fantasy, Sci-Fi",7/9/2016,5.2,60,PG-13,128344089
tt1825683,Black Panther,134,2018,"Action, Adventure, Sci-Fi",1/29/2018,7.3,88,PG-13,501105037
tt2094766,Assassin's Creed,115,2016,"Action, Adventure, Sci-Fi",12/13/2016,5.8,36,PG-13,54645723
tt1340138,Terminator Genisys,126,2015,"Action, Adventure, Sci-Fi",6/21/2015,6.4,38,PG-13,75614989
tt1029360,Poltergeist,93,2015,"Horror, Thriller",5/18/2015,4.9,47,PG-13,39918054
tt1964418,Tomorrowland,130,2015,"Action, Adventure, Family, Fantasy, Mystery, Sci-Fi",5/9/2015,6.4,60,PG,71526443
tt1979388,The Good Dinosaur,93,2015,"Animation, Adventure, Comedy, Drama, Family, Fantasy",11/10/2015,6.7,66,PG,123087120
tt2381249,Mission: Impossible - Rogue Nation,131,2015,"Action, Adventure, Thriller",7/23/2015,7.4,75,PG-13,154979949
tt1628841,Independence Day: Resurgence,120,2016,"Action, Adventure, Sci-Fi",6/20/2016,5.2,32,PG-13,103137295
tt1790809,Pirates of the Caribbean: Dead Men Tell No Tales,129,2017,"Action, Adventure, Fantasy",5/11/2017,6.6,39,PG-13,172537139
tt0803096,Warcraft,123,2016,"Action, Adventure, Fantasy",5/24/2016,6.9,32,PG-13,44765679
tt2345759,The Mummy,110,2017,"Action, Adventure, Fantasy, Thriller",5/22/2017,5.5,34,PG-13,80072590
tt1431045,Deadpool,108,2016,"Action, Adventure, Comedy, Sci-Fi",1/21/2016,8.0,65,R,328674489
tt2080374,Steve Jobs,122,2015,"Biography, Drama",9/5/2015,7.2,82,R,12403169
tt2379713,Spectre,148,2015,"Action, Adventure, Thriller",10/26/2015,6.8,60,PG-13,208777731
tt2381111,Brooklyn,117,2015,"Drama, Romance",1/26/2015,7.5,88,PG-13,30459009
tt2361317,Live by Night,129,2016,"Action, Crime, Drama, Thriller",12/13/2016,6.4,49,R,10377558
tt2395427,Avengers: Age of Ultron,141,2015,"Action, Adventure, Sci-Fi",4/13/2015,7.4,66,PG-13,429113729
tt1700841,Sausage Party,89,2016,"Animation, Adventure, Comedy, Fantasy",3/14/2016,6.2,66,R,97661826
tt2273657,True Story,99,2015,"Crime, Drama, Mystery, Thriller",1/23/2015,6.3,50,R,3422747
tt1502712,Fantastic Four,100,2015,"Action, Adventure, Drama, Sci-Fi",8/4/2015,4.3,27,PG-13,49179296
tt0974015,Justice League,120,2017,"Action, Adventure, Fantasy, Sci-Fi",10/26/2017,6.5,45,PG-13,227032490
tt1219827,Ghost in the Shell,107,2017,"Action, Drama, Sci-Fi, Thriller",3/16/2017,6.4,52,PG-13,40533014
tt1211837,Doctor Strange,115,2016,"Action, Adventure, Fantasy, Sci-Fi",10/13/2016,7.5,72,PG-13,232630718
tt1051904,Goosebumps,103,2015,"Adventure, Comedy, Family, Fantasy, Horror",10/3/2015,6.3,60,PG,76079946
tt0498381,Rings,102,2017,"Drama, Horror, Mystery, Romance, Thriller",2/1/2017,4.5,25,PG-13,27766716
tt0490215,Silence,161,2016,"Adventure, Drama, History",11/29/2016,7.2,79,R,7063885
tt1935859,Miss Peregrine's Home for Peculiar Children,127,2016,"Adventure, Drama, Fantasy, Thriller",9/25/2016,6.7,57,PG-13,87240689
tt1638355,The Man from U.N.C.L.E.,116,2015,"Action, Adventure, Comedy",8/2/2015,7.3,56,PG-13,38140180
tt1798684,Southpaw,124,2015,"Drama, Sport",6/15/2015,7.4,57,R,42373328
tt0451279,Wonder Woman,141,2017,"Action, Adventure, Fantasy, Sci-Fi, War",5/15/2017,7.5,76,PG-13,412400625
tt2034800,The Great Wall,103,2016,"Action, Adventure, Fantasy, Thriller",12/6/2016,6.0,42,PG-13,45125480
tt2140037,Jane Got a Gun,98,2015,"Action, Drama, Western",12/31/2015,5.9,49,R,976847
tt2277860,Finding Dory,97,2016,"Animation, Adventure, Comedy, Family",6/8/2016,7.3,77,PG,486292984
tt2267968,Kung Fu Panda 3,95,2016,"Animation, Action, Adventure, Comedy, Family, Fantasy",1/16/2016,7.1,66,PG,128341070
tt1679335,Trolls,92,2016,"Animation, Adventure, Comedy, Family, Fantasy, Musical",10/8/2016,6.5,56,PG,153694574
tt2224026,Home,94,2015,"Animation, Adventure, Comedy, Family, Fantasy, Sci-Fi",3/7/2015,6.6,55,PG,157801252
tt1291570,Solace,101,2015,"Crime, Drama, Mystery, Thriller",9/3/2015,6.4,36,R,403050
tt2381991,The Huntsman: Winter's War,114,2016,"Action, Adventure, Drama, Fantasy",3/29/2016,6.1,35,PG-13,46445229
tt1390411,In the Heart of the Sea,122,2015,"Action, Adventure, Biography, Drama, History, Thriller",12/2/2015,6.9,47,PG-13,19043843
tt2488496,Star Wars: Episode VII - The Force Awakens,136,2015,"Action, Adventure, Fantasy, Sci-Fi",12/14/2015,8.0,81,PG-13,936658640
tt2527336,Star Wars: Episode VIII - The Last Jedi,152,2017,"Action, Adventure, Fantasy, Sci-Fi",12/9/2017,7.2,85,PG-13,619117636
tt2637276,Ted 2,115,2015,Comedy,6/25/2015,6.3,48,R,63883740
tt1014763,Child 44,137,2015,"Crime, Drama, History, Thriller",4/15/2015,6.5,41,R,1314609
tt1485796,The Greatest Showman,105,2017,"Biography, Drama, Musical",12/20/2017,7.6,48,PG,164616443
tt2316204,Alien: Covenant,122,2017,"Horror, Sci-Fi, Thriller",5/4/2017,6.4,65,R,74255908
tt2226597,The Mountain Between Us,112,2017,"Action, Adventure, Drama, Romance, Thriller",9/9/2017,6.4,48,PG-13,29669726
tt2554274,Crimson Peak,119,2015,"Drama, Fantasy, Horror, Mystery, Romance, Thriller",9/25/2015,6.5,66,R,25957696
tt2381941,Focus,105,2015,"Comedy, Crime, Drama, Romance",2/11/2015,6.6,56,R,50265541
tt1985949,Angry Birds,97,2016,"Animation, Action, Adventure, Comedy, Family",5/1/2016,6.3,43,PG,107506776
tt1995390,Our Kind of Traitor,108,2016,"Crime, Drama, Thriller",5/1/2016,6.2,57,R,3152725
tt2820852,Furious Seven,137,2015,"Action, Crime, Thriller",3/16/2015,7.2,67,PG-13,316986481
tt2250912,Spider-Man: Homecoming,133,2017,"Action, Adventure, Sci-Fi",6/28/2017,7.5,73,PG-13,334166825
tt2975590,Batman v Superman: Dawn of Justice,151,2016,"Action, Adventure, Fantasy, Sci-Fi",3/12/2016,6.5,44,PG-13,293792936
tt2649554,Midnight Special,112,2016,"Action, Drama, Mystery, Sci-Fi, Thriller",2/12/2016,6.6,76,PG-13,3324164
tt2660888,Star Trek Beyond,122,2016,"Action, Adventure, Sci-Fi, Thriller",7/20/2016,7.1,68,PG-13,158804470
tt1212428,The Lost City of Z,141,2016,"Adventure, Biography, Drama, History",10/15/2016,6.6,78,PG-13,8554554
tt1243974,Aloha,105,2015,"Comedy, Drama, Romance",5/27/2015,5.4,40,PG-13,15669178
tt3385516,X-Men: Apocalypse,144,2016,"Action, Adventure, Sci-Fi",5/9/2016,7.0,52,PG-13,135729385
tt2349144,Mississippi Grind,108,2015,"Comedy, Drama",1/24/2015,6.4,77,R,129747
tt1951266,The Hunger Games: Mockingjay - Part 2,137,2015,"Action, Adventure, Sci-Fi, Thriller",11/4/2015,6.6,65,PG-13,254641329
tt3315342,Logan,137,2017,"Action, Drama, Sci-Fi, Thriller",2/17/2017,8.1,77,R,226276809
tt2719848,Everest,121,2015,"Action, Adventure, Biography, Drama, Thriller",9/2/2015,7.1,64,PG-13,46529055
tt2555736,The Second Best Exotic Marigold Hotel,122,2015,"Comedy, Drama",2/26/2015,6.6,51,PG,38996694
tt3608930,In a Valley of Violence,104,2016,"Action, Crime, Drama, Thriller, Western",3/12/2016,6.0,64,R,50381
tt3065204,The Conjuring 2,134,2016,"Horror, Mystery, Thriller",5/13/2016,7.4,65,R,102461593
tt2361509,The Intern,121,2015,"Comedy, Drama",9/15/2015,7.1,51,PG-13,60886513
tt2908446,Insurgent,119,2015,"Action, Adventure, Sci-Fi, Thriller",3/11/2015,6.2,42,PG-13,114138208
tt1972591,King Arthur: Legend of the Sword,126,2017,"Action, Adventure, Drama, Fantasy",4/27/2017,6.8,41,PG-13,39037047
tt3416532,A Monster Calls,108,2016,"Animation, Drama, Fantasy",9/9/2016,7.5,76,PG-13,3730982
tt2120120,Pixels,105,2015,"Animation, Action, Comedy, Sci-Fi",4/17/2015,5.6,27,PG-13,66412009
tt2322441,Fifty Shades of Grey,125,2015,"Drama, Romance, Thriller",2/9/2015,4.1,46,R,189859585
tt1661199,Cinderella,105,2015,"Drama, Family, Fantasy, Romance",2/13/2015,6.9,67,PG,183327144
tt3040964,The Jungle Book,106,2016,"Adventure, Drama, Family, Fantasy",4/4/2016,7.4,77,PG,363995937
tt3799694,The Nice Guys,116,2016,"Action, Comedy, Crime, Mystery, Thriller",5/15/2016,7.4,70,R,32261515
tt3332064,Pan,111,2015,"Adventure, Family, Fantasy",9/20/2015,5.8,36,PG,35914825
tt3110958,Now You See Me 2,129,2016,"Action, Adventure, Comedy, Crime, Mystery, Thriller",6/2/2016,6.5,46,PG-13,65030563
tt3164256,Rock the Kasbah,106,2015,"Comedy, Music, War",10/22/2015,5.5,29,R,1940202
tt3659388,The Martian,144,2015,"Adventure, Drama, Sci-Fi",9/11/2015,8.0,80,PG-13,202313768
tt4154756,Avengers: Infinity War,149,2018,"Action, Adventure, Fantasy, Sci-Fi",4/23/2018,8.5,68,PG-13,664987816
tt1386697,Suicide Squad,123,2016,"Action, Adventure, Fantasy, Sci-Fi",8/1/2016,6.1,40,PG-13,325021779
tt3501632,Thor: Ragnarok,130,2017,"Action, Adventure, Comedy, Fantasy, Sci-Fi",10/10/2017,7.9,74,PG-13,314971245
tt3450958,War for the Planet of the Apes,140,2017,"Action, Adventure, Drama, Sci-Fi, Thriller",7/7/2017,7.5,82,PG-13,146872826
tt3371366,Transformers: The Last Knight,154,2017,"Action, Adventure, Sci-Fi",6/18/2017,5.2,27,PG-13,130104634
tt2446980,Joy,124,2015,Drama,12/13/2015,6.6,56,PG-13,42581369
tt0475290,"Hail, Caesar!",106,2016,"Comedy, Drama, Music, Mystery",2/1/2016,6.3,72,PG-13,27927631
tt3460252,The Hateful Eight,187,2015,"Crime, Drama, Mystery, Thriller, Western",12/7/2015,7.8,68,R,54116191
tt2005151,War Dogs,114,2016,"Comedy, Crime, Drama, War",8/3/2016,7.1,57,R,43017433
tt2126355,San Andreas,114,2015,"Action, Adventure, Drama, Thriller",5/21/2015,6.1,43,PG-13,127666001
tt2674426,Me Before You,106,2016,"Drama, Romance",5/23/2016,7.4,51,PG-13,56228651
tt2967224,Hot Pursuit,87,2015,"Action, Comedy, Crime",5/7/2015,5.1,31,PG-13,26863875
tt2848292,Pitch Perfect 2,115,2015,"Comedy, Music",4/20/2015,6.4,63,PG-13,165744048
tt3095734,Monster Trucks,104,2016,"Action, Adventure, Comedy, Family, Fantasy, Sci-Fi",12/21/2016,5.7,41,PG,33243820
tt2515034,The Gunman,115,2015,"Action, Crime, Drama, Mystery, Thriller",2/16/2015,5.8,39,R,7926657
tt3567288,The Visit,94,2015,"Comedy, Horror, Mystery, Thriller",8/30/2015,6.2,55,PG-13,56499874
tt2364897,The Disappointments Room,85,2016,"Drama, Horror, Thriller",9/9/2016,3.9,31,R,2411580
tt3488710,The Walk,123,2015,"Adventure, Biography, Drama, Thriller",9/26/2015,7.3,70,PG,8064239
tt1458169,Kidnap,95,2017,"Crime, Drama, Thriller",5/21/2017,5.9,44,R,30597319
tt1524930,Vacation,99,2015,"Adventure, Comedy",7/29/2015,6.1,34,R,40292843
tt1727776,Scouts Guide to the Zombie Apocalypse,93,2015,"Action, Comedy, Horror",10/23/2015,6.3,32,R,3931256
tt2452042,The Peanuts Movie,88,2015,"Animation, Comedy, Drama, Family",10/19/2015,7.1,67,G,106132048
tt3530002,The Night Before,101,2015,"Adventure, Comedy, Fantasy",11/20/2015,6.4,58,R,31315980
tt1850457,Sisters,118,2015,Comedy,12/12/2015,6.0,58,R,66652373
tt2974918,Alvin and the Chipmunks: The Road Chip,92,2015,"Animation, Adventure, Comedy, Family, Fantasy, Music",12/6/2015,5.1,33,PG,66580191
tt3387542,The Forest,93,2016,"Horror, Mystery, Thriller",1/7/2016,4.8,34,PG-13,21818536
tt3486626,The Nut Job 2: Nutty by Nature,91,2017,"Animation, Action, Adventure, Comedy, Family, Fantasy",8/10/2017,5.4,36,PG,28342490
tt3522806,Mechanic: Resurrection,98,2016,"Action, Adventure, Crime, Thriller",8/22/2016,5.7,38,R,21203260
tt2404233,Gods of Egypt,127,2016,"Action, Adventure, Fantasy",2/24/2016,5.4,25,PG-13,31141074
tt2638144,Ben-Hur,123,2016,"Action, Adventure, Drama, History",8/17/2016,5.7,38,PG-13,26384681
tt2948356,Zootopia,108,2016,"Animation, Adventure, Comedy, Crime, Family, Mystery",2/11/2016,8.0,78,PG,341264012
tt3874544,The Boss Baby,97,2017,"Animation, Adventure, Comedy, Family, Fantasy",3/12/2017,6.3,50,PG,174996080
tt2025690,The Finest Hours,117,2016,"Action, Drama, History, Thriller",1/27/2016,6.8,58,PG-13,20278493
tt2567026,Alice Through the Looking Glass,113,2016,"Adventure, Family, Fantasy",5/10/2016,6.2,34,PG,77037635
tt3949660,Teenage Mutant Ninja Turtles: Out of the Shadows,112,2016,"Action, Adventure, Comedy, Sci-Fi",5/22/2016,6.0,40,PG-13,82035527
tt3691740,The BFG,117,2016,"Adventure, Family, Fantasy",5/14/2016,6.4,66,PG,55472665
tt0918940,The Legend of Tarzan,110,2016,"Action, Adventure, Drama, Fantasy, Romance",6/27/2016,6.3,44,PG-13,126585313
tt3416828,Ice Age: Collision Course,94,2016,"Animation, Adventure, Comedy, Family, Fantasy, Romance, Sci-Fi",6/19/2016,5.7,34,PG,64060187
tt2398241,Smurfs: The Lost Village,90,2017,"Animation, Adventure, Comedy, Family, Fantasy",3/23/2017,6.0,40,PG,45011202
tt1860213,Dirty Grandpa,102,2016,Comedy,1/20/2016,5.9,21,R,34690808
tt1860357,Deepwater Horizon,107,2016,"Action, Drama, History, Thriller",9/13/2016,7.1,68,PG-13,73098411
tt3062096,Inferno,121,2016,"Action, Adventure, Crime, Drama, Mystery, Thriller",10/8/2016,6.2,42,PG-13,34307024
tt1981128,Geostorm,109,2017,"Action, Sci-Fi, Thriller",10/12/2017,5.3,21,PG-13,33681965
tt3183660,Fantastic Beasts and Where to Find Them,133,2016,"Adventure, Family, Fantasy",11/8/2016,7.3,66,PG-13,234018657
tt3521164,Moana,107,2016,"Animation, Adventure, Comedy, Family, Fantasy, Musical",11/14/2016,7.6,81,PG,248752120
tt3731562,Kong: Skull Island,118,2017,"Action, Adventure, Fantasy, Sci-Fi",2/28/2017,6.6,62,PG-13,167986460
tt3343784,Entertainment,103,2015,Drama,1/24/2015,5.7,65,R,55506
tt3470600,Sing,108,2016,"Animation, Comedy, Family, Musical",9/11/2016,7.1,59,PG,270322940
tt4302938,Kubo and the Two Strings,101,2016,"Animation, Action, Adventure, Family, Fantasy",8/13/2016,7.8,84,PG,48019281
tt3168230,Mr. Holmes,104,2015,"Drama, Mystery",2/8/2015,6.9,67,PG,14173994
tt1856101,Blade Runner 2049,164,2017,"Drama, Mystery, Sci-Fi, Thriller",10/3/2017,8.0,81,R,91800042
tt1758810,The Snowman,119,2017,"Crime, Drama, Mystery, Thriller",10/7/2017,5.1,23,R,6658715
tt1179933,10 Cloverfield Lane,103,2016,"Drama, Horror, Mystery, Sci-Fi, Thriller",3/8/2016,7.2,76,PG-13,59481553
tt1126590,Big Eyes,106,2014,"Biography, Crime, Drama, Romance",11/13/2014,7.0,62,PG-13,8021168
tt1648190,The Dark Tower,95,2017,"Action, Adventure, Fantasy, Horror, Sci-Fi, Western",8/3/2017,5.7,34,PG-13,50644837
tt2378507,The Glass Castle,127,2017,"Biography, Drama",8/11/2017,7.2,56,PG-13,17238739
tt1366338,Lowriders,98,2016,"Adventure, Crime, Drama",6/1/2016,5.7,57,PG-13,6155650
tt1798603,Bad Santa 2,92,2016,"Comedy, Crime, Drama",11/23/2016,5.6,38,R,17664973
tt0491203,Tulip Fever,105,2017,"Drama, History, Romance",7/13/2017,6.2,38,R,2399374
tt0460890,The Only Living Boy in New York,89,2017,Drama,7/27/2017,6.3,33,R,622999
tt1791528,Inherent Vice,148,2014,"Comedy, Crime, Drama, Mystery, Romance",10/4/2014,6.7,81,R,6100613
tt1374989,Pride and Prejudice and Zombies,108,2016,"Action, Horror, Romance",1/21/2016,5.8,45,PG-13,8639097
tt1727824,Bohemian Rhapsody,134,2018,"Biography, Drama, Music",10/23/2018,8.1,49,PG-13,89604
tt1365050,Beasts of No Nation,137,2015,"Drama, War",9/3/2015,7.8,79,Not Rated,83861
tt2402101,Dark Places,113,2015,"Action, Drama, Mystery, Thriller",3/31/2015,6.2,39,R,129483
tt2179136,American Sniper,133,2014,"Action, Biography, Drama, War",11/11/2014,7.3,72,R,274377268
tt1355644,Passengers,116,2016,"Drama, Romance, Sci-Fi, Thriller",12/14/2016,7.0,41,PG-13,100014092
tt1881002,Maggie,95,2015,"Drama, Horror",4/22/2015,5.6,52,PG-13,136397
tt1469304,Baywatch,116,2017,"Action, Comedy, Crime",5/12/2017,5.6,37,R,58009442
tt2402927,Carol,118,2015,"Drama, Romance",5/17/2015,7.2,95,R,8518148
tt1703957,Genius,104,2016,"Biography, Drama",2/16/2016,6.6,56,PG-13,1358018
tt2062700,Song to Song,129,2017,"Drama, Music, Romance",3/10/2017,5.7,54,R,421856
tt2671706,Fences,139,2016,Drama,12/6/2016,7.2,79,PG-13,57642961
tt2788710,The Interview,112,2014,Comedy,12/11/2014,6.5,52,R,4551688
tt2802144,Kingsman: The Secret Service,129,2014,"Action, Adventure, Comedy, Thriller",12/13/2014,7.7,60,R,119469511
tt2397535,Predestination,97,2014,"Drama, Mystery, Sci-Fi, Thriller",3/8/2014,7.5,69,R,201560
tt2884018,Macbeth,113,2015,"Drama, History, War",5/23/2015,6.6,71,R,1795802
tt2180411,Into the Woods,125,2014,"Adventure, Comedy, Drama, Fantasy, Musical",12/8/2014,6.0,69,PG,89789227
tt3707106,By the Sea,122,2015,"Drama, Romance",11/5/2015,5.3,44,R,319968
tt3640424,Allied,124,2016,"Action, Drama, Romance, Thriller, War",11/13/2016,7.1,60,R,40069087
tt3450900,The Sea of Trees,110,2015,"Drama, Fantasy, Mystery",5/16/2015,6.0,23,PG-13,20083
tt4425200,John Wick: Chapter 2,122,2017,"Action, Crime, Thriller",1/30/2017,7.5,75,R,91970516
